"","DATE","Rainfall"
"1","2011-01-01",0.02
"2","2011-01-02",0
"3","2011-01-03",0
"4","2011-01-04",0
"5","2011-01-05",0
"6","2011-01-06",0
"7","2011-01-07",0.02
"8","2011-01-08",0.01
"9","2011-01-09",0
"10","2011-01-10",0
"11","2011-01-11",0.18
"12","2011-01-12",0
"13","2011-01-13",0
"14","2011-01-14",0
"15","2011-01-15",0
"16","2011-01-16",0
"17","2011-01-17",0.15
"18","2011-01-18",0.1
"19","2011-01-19",0
"20","2011-01-20",0
"21","2011-01-21",0.01
"22","2011-01-22",0.01
"23","2011-01-23",0
"24","2011-01-24",0.03
"25","2011-01-25",0
"26","2011-01-26",0
"27","2011-01-27",0.07
"28","2011-01-28",0
"29","2011-01-29",0
"30","2011-01-30",0
"31","2011-01-31",0.05
"32","2011-02-01",0.5
"33","2011-02-02",0.44
"34","2011-02-03",0
"35","2011-02-04",0
"36","2011-02-05",0
"37","2011-02-06",0.1
"38","2011-02-07",0.1
"39","2011-02-08",0.01
"40","2011-02-09",0
"41","2011-02-10",0
"42","2011-02-11",0
"43","2011-02-12",0
"44","2011-02-13",0
"45","2011-02-14",0
"46","2011-02-15",0.02
"47","2011-02-16",0.01
"48","2011-02-17",0
"49","2011-02-18",0
"50","2011-02-19",0
"51","2011-02-20",0.78
"52","2011-02-21",0.06
"53","2011-02-22",0.03
"54","2011-02-23",0.07
"55","2011-02-24",0.04
"56","2011-02-25",0.03
"57","2011-02-26",0.11
"58","2011-02-27",0.49
"59","2011-02-28",0.06
"60","2011-03-01",0
"61","2011-03-02",0
"62","2011-03-03",0
"63","2011-03-04",0.66
"64","2011-03-05",0.08
"65","2011-03-06",0
"66","2011-03-07",0
"67","2011-03-08",0.01
"68","2011-03-09",0.43
"69","2011-03-10",0
"70","2011-03-11",0
"71","2011-03-12",0
"72","2011-03-13",0
"73","2011-03-14",0
"74","2011-03-15",0
"75","2011-03-16",0
"76","2011-03-17",0
"77","2011-03-18",0
"78","2011-03-19",0
"79","2011-03-20",0.41
"80","2011-03-21",0.06
"81","2011-03-22",0.21
"82","2011-03-23",0.16
"83","2011-03-24",0
"84","2011-03-25",0
"85","2011-03-26",0
"86","2011-03-27",0
"87","2011-03-28",0
"88","2011-03-29",0
"89","2011-03-30",0
"90","2011-03-31",0
"91","2011-04-01",0.21
"92","2011-04-02",0
"93","2011-04-03",0.02
"94","2011-04-04",0.15
"95","2011-04-05",0
"96","2011-04-06",0
"97","2011-04-07",0.32
"98","2011-04-08",0.59
"99","2011-04-09",0
"100","2011-04-10",0.03
"101","2011-04-11",0
"102","2011-04-12",0
"103","2011-04-13",0
"104","2011-04-14",0
"105","2011-04-15",0.25
"106","2011-04-16",0.12
"107","2011-04-17",0.09
"108","2011-04-18",0.39
"109","2011-04-19",0.91
"110","2011-04-20",0.01
"111","2011-04-21",0
"112","2011-04-22",0.73
"113","2011-04-23",0.01
"114","2011-04-24",0
"115","2011-04-25",0.31
"116","2011-04-26",0.67
"117","2011-04-27",0.26
"118","2011-04-28",0.01
"119","2011-04-29",0
"120","2011-04-30",0
"121","2011-05-01",0
"122","2011-05-02",0
"123","2011-05-03",0
"124","2011-05-04",0
"125","2011-05-05",0.07
"126","2011-05-06",0
"127","2011-05-07",0
"128","2011-05-08",0
"129","2011-05-09",0
"130","2011-05-10",0
"131","2011-05-11",0.48
"132","2011-05-12",0.04
"133","2011-05-13",0
"134","2011-05-14",0.36
"135","2011-05-15",0.3
"136","2011-05-16",0
"137","2011-05-17",0
"138","2011-05-18",0.01
"139","2011-05-19",0
"140","2011-05-20",0
"141","2011-05-21",0
"142","2011-05-22",0.03
"143","2011-05-23",0
"144","2011-05-24",0
"145","2011-05-25",2.15
"146","2011-05-26",0.58
"147","2011-05-27",0
"148","2011-05-28",0.19
"149","2011-05-29",0.69
"150","2011-05-30",0
"151","2011-05-31",0
"152","2011-06-01",0
"153","2011-06-02",0.03
"154","2011-06-03",0.05
"155","2011-06-04",0.88
"156","2011-06-05",0
"157","2011-06-06",0
"158","2011-06-07",0
"159","2011-06-08",0.71
"160","2011-06-09",3.4
"161","2011-06-10",0.53
"162","2011-06-11",0.06
"163","2011-06-12",0
"164","2011-06-13",0
"165","2011-06-14",0
"166","2011-06-15",0.79
"167","2011-06-16",0.04
"168","2011-06-17",0
"169","2011-06-18",0
"170","2011-06-19",0
"171","2011-06-20",1.61
"172","2011-06-21",0.12
"173","2011-06-22",0
"174","2011-06-23",0.01
"175","2011-06-24",0
"176","2011-06-25",0
"177","2011-06-26",0
"178","2011-06-27",0.09
"179","2011-06-28",0
"180","2011-06-29",0
"181","2011-06-30",0.03
"182","2011-07-01",0
"183","2011-07-02",0
"184","2011-07-03",0
"185","2011-07-04",0
"186","2011-07-05",0
"187","2011-07-06",0
"188","2011-07-07",0.05
"189","2011-07-08",0
"190","2011-07-09",0
"191","2011-07-10",0
"192","2011-07-11",0.31
"193","2011-07-12",0
"194","2011-07-13",0
"195","2011-07-14",0
"196","2011-07-15",0
"197","2011-07-16",0
"198","2011-07-17",0
"199","2011-07-18",0
"200","2011-07-19",0
"201","2011-07-20",0
"202","2011-07-21",0
"203","2011-07-22",0.88
"204","2011-07-23",2.1
"205","2011-07-24",0.3
"206","2011-07-25",0
"207","2011-07-26",0
"208","2011-07-27",0.41
"209","2011-07-28",0.5
"210","2011-07-29",0.29
"211","2011-07-30",0
"212","2011-07-31",0
"213","2011-08-01",0
"214","2011-08-02",0.49
"215","2011-08-03",0
"216","2011-08-04",0
"217","2011-08-05",0
"218","2011-08-06",0.79
"219","2011-08-07",0.71
"220","2011-08-08",0.24
"221","2011-08-09",0
"222","2011-08-10",0
"223","2011-08-11",0
"224","2011-08-12",0
"225","2011-08-13",0.64
"226","2011-08-14",0
"227","2011-08-15",0
"228","2011-08-16",0
"229","2011-08-17",0
"230","2011-08-18",0
"231","2011-08-19",0
"232","2011-08-20",0.45
"233","2011-08-21",0
"234","2011-08-22",0
"235","2011-08-23",0.37
"236","2011-08-24",0
"237","2011-08-25",0
"238","2011-08-26",0
"239","2011-08-27",0
"240","2011-08-28",0
"241","2011-08-29",0
"242","2011-08-30",0.03
"243","2011-08-31",0.06
"244","2011-09-01",0
"245","2011-09-02",0
"246","2011-09-03",0.22
"247","2011-09-04",0
"248","2011-09-05",0
"249","2011-09-06",0
"250","2011-09-07",0
"251","2011-09-08",0.05
"252","2011-09-09",0.08
"253","2011-09-10",0
"254","2011-09-11",0
"255","2011-09-12",0
"256","2011-09-13",0
"257","2011-09-14",0.04
"258","2011-09-15",0
"259","2011-09-16",0
"260","2011-09-17",0
"261","2011-09-18",0.35
"262","2011-09-19",0.4
"263","2011-09-20",0
"264","2011-09-21",0
"265","2011-09-22",0
"266","2011-09-23",0.01
"267","2011-09-24",0.06
"268","2011-09-25",0.13
"269","2011-09-26",1.16
"270","2011-09-27",0.3
"271","2011-09-28",0.15
"272","2011-09-29",0.06
"273","2011-09-30",0.15
"274","2011-10-01",0.02
"275","2011-10-02",0
"276","2011-10-03",0
"277","2011-10-04",0
"278","2011-10-05",0
"279","2011-10-06",0
"280","2011-10-07",0
"281","2011-10-08",0
"282","2011-10-09",0
"283","2011-10-10",0
"284","2011-10-11",0
"285","2011-10-12",0
"286","2011-10-13",0.58
"287","2011-10-14",0
"288","2011-10-15",0
"289","2011-10-16",0.1
"290","2011-10-17",0
"291","2011-10-18",0.01
"292","2011-10-19",0.73
"293","2011-10-20",0.1
"294","2011-10-21",0
"295","2011-10-22",0
"296","2011-10-23",0.21
"297","2011-10-24",0.08
"298","2011-10-25",0.01
"299","2011-10-26",0
"300","2011-10-27",0.12
"301","2011-10-28",0
"302","2011-10-29",0
"303","2011-10-30",0.08
"304","2011-10-31",0
"305","2011-11-01",0
"306","2011-11-02",0
"307","2011-11-03",0.28
"308","2011-11-04",0
"309","2011-11-05",0
"310","2011-11-06",0
"311","2011-11-07",0.22
"312","2011-11-08",1.3
"313","2011-11-09",0.3
"314","2011-11-10",0.03
"315","2011-11-11",0
"316","2011-11-12",0
"317","2011-11-13",0
"318","2011-11-14",0.01
"319","2011-11-15",0
"320","2011-11-16",0
"321","2011-11-17",0
"322","2011-11-18",0
"323","2011-11-19",0
"324","2011-11-20",0
"325","2011-11-21",0
"326","2011-11-22",0.4
"327","2011-11-23",0
"328","2011-11-24",0
"329","2011-11-25",0
"330","2011-11-26",0.86
"331","2011-11-27",0.1
"332","2011-11-28",0
"333","2011-11-29",0
"334","2011-11-30",0
"335","2011-12-01",0
"336","2011-12-02",0.01
"337","2011-12-03",0.11
"338","2011-12-04",0.06
"339","2011-12-05",0.01
"340","2011-12-06",0
"341","2011-12-07",0
"342","2011-12-08",0
"343","2011-12-09",0
"344","2011-12-10",0
"345","2011-12-11",0
"346","2011-12-12",0
"347","2011-12-13",0.08
"348","2011-12-14",1.12
"349","2011-12-15",0.02
"350","2011-12-16",0
"351","2011-12-17",0.02
"352","2011-12-18",0
"353","2011-12-19",0
"354","2011-12-20",0.01
"355","2011-12-21",0
"356","2011-12-22",0.06
"357","2011-12-23",0.02
"358","2011-12-24",0
"359","2011-12-25",0
"360","2011-12-26",0.03
"361","2011-12-27",0.2
"362","2011-12-28",0
"363","2011-12-29",0
"364","2011-12-30",0.37
"365","2011-12-31",0
"366","2012-01-01",0.04
"367","2012-01-02",0.03
"368","2012-01-03",0
"369","2012-01-04",0
"370","2012-01-05",0
"371","2012-01-06",0
"372","2012-01-07",0
"373","2012-01-08",0
"374","2012-01-09",0
"375","2012-01-10",0
"376","2012-01-11",0
"377","2012-01-12",0.39
"378","2012-01-13",0.03
"379","2012-01-14",0
"380","2012-01-15",0
"381","2012-01-16",0.06
"382","2012-01-17",0.13
"383","2012-01-18",0
"384","2012-01-19",0.02
"385","2012-01-20",0.45
"386","2012-01-21",0.01
"387","2012-01-22",0.47
"388","2012-01-23",0.26
"389","2012-01-24",0
"390","2012-01-25",0
"391","2012-01-26",0
"392","2012-01-27",0.04
"393","2012-01-28",0.09
"394","2012-01-29",0
"395","2012-01-30",0
"396","2012-01-31",0
"397","2012-02-01",0
"398","2012-02-02",0
"399","2012-02-03",0
"400","2012-02-04",0.03
"401","2012-02-05",0
"402","2012-02-06",0
"403","2012-02-07",0
"404","2012-02-08",0
"405","2012-02-09",0
"406","2012-02-10",0.09
"407","2012-02-11",0
"408","2012-02-12",0
"409","2012-02-13",0.02
"410","2012-02-14",0.02
"411","2012-02-15",0.13
"412","2012-02-16",0.11
"413","2012-02-17",0
"414","2012-02-18",0
"415","2012-02-19",0
"416","2012-02-20",0
"417","2012-02-21",0.08
"418","2012-02-22",0.01
"419","2012-02-23",0.1
"420","2012-02-24",0.31
"421","2012-02-25",0
"422","2012-02-26",0
"423","2012-02-27",0
"424","2012-02-28",0.08
"425","2012-02-29",0.28
"426","2012-03-01",0
"427","2012-03-02",0.18
"428","2012-03-03",0
"429","2012-03-04",0
"430","2012-03-05",0
"431","2012-03-06",0
"432","2012-03-07",0
"433","2012-03-08",0.21
"434","2012-03-09",0
"435","2012-03-10",0
"436","2012-03-11",0.01
"437","2012-03-12",0.27
"438","2012-03-13",0
"439","2012-03-14",0.01
"440","2012-03-15",0
"441","2012-03-16",0.02
"442","2012-03-17",0
"443","2012-03-18",0
"444","2012-03-19",0.02
"445","2012-03-20",0
"446","2012-03-21",0
"447","2012-03-22",0.07
"448","2012-03-23",1.1
"449","2012-03-24",0
"450","2012-03-25",0
"451","2012-03-26",0
"452","2012-03-27",0
"453","2012-03-28",0
"454","2012-03-29",0
"455","2012-03-30",0.1
"456","2012-03-31",0
"457","2012-04-01",0.07
"458","2012-04-02",0
"459","2012-04-03",0
"460","2012-04-04",0
"461","2012-04-05",0
"462","2012-04-06",0
"463","2012-04-07",0
"464","2012-04-08",0
"465","2012-04-09",0
"466","2012-04-10",0
"467","2012-04-11",0
"468","2012-04-12",0
"469","2012-04-13",0
"470","2012-04-14",0.66
"471","2012-04-15",0.85
"472","2012-04-16",0.05
"473","2012-04-17",0
"474","2012-04-18",0.05
"475","2012-04-19",0
"476","2012-04-20",0
"477","2012-04-21",0
"478","2012-04-22",0
"479","2012-04-23",0
"480","2012-04-24",0
"481","2012-04-25",0.04
"482","2012-04-26",0
"483","2012-04-27",0
"484","2012-04-28",0.18
"485","2012-04-29",0.09
"486","2012-04-30",0.51
"487","2012-05-01",0.38
"488","2012-05-02",0
"489","2012-05-03",0.26
"490","2012-05-04",0.33
"491","2012-05-05",0
"492","2012-05-06",0.39
"493","2012-05-07",0.69
"494","2012-05-08",0
"495","2012-05-09",0
"496","2012-05-10",0
"497","2012-05-11",0
"498","2012-05-12",0.1
"499","2012-05-13",0
"500","2012-05-14",0
"501","2012-05-15",0
"502","2012-05-16",0
"503","2012-05-17",0
"504","2012-05-18",0
"505","2012-05-19",0
"506","2012-05-20",0.12
"507","2012-05-21",0
"508","2012-05-22",0
"509","2012-05-23",0
"510","2012-05-24",0
"511","2012-05-25",0
"512","2012-05-26",0
"513","2012-05-27",0
"514","2012-05-28",0
"515","2012-05-29",0
"516","2012-05-30",0
"517","2012-05-31",0.97
"518","2012-06-01",0.03
"519","2012-06-02",0
"520","2012-06-03",0
"521","2012-06-04",0
"522","2012-06-05",0
"523","2012-06-06",0
"524","2012-06-07",0
"525","2012-06-08",0
"526","2012-06-09",0
"527","2012-06-10",0
"528","2012-06-11",0
"529","2012-06-12",0
"530","2012-06-13",0
"531","2012-06-14",0
"532","2012-06-15",0
"533","2012-06-16",0.48
"534","2012-06-17",0.15
"535","2012-06-18",0
"536","2012-06-19",0
"537","2012-06-20",0
"538","2012-06-21",0
"539","2012-06-22",0
"540","2012-06-23",0
"541","2012-06-24",0
"542","2012-06-25",0
"543","2012-06-26",0
"544","2012-06-27",0
"545","2012-06-28",0.23
"546","2012-06-29",0.24
"547","2012-06-30",0.01
"548","2012-07-01",0.11
"549","2012-07-02",0
"550","2012-07-03",0
"551","2012-07-04",0
"552","2012-07-05",0.01
"553","2012-07-06",0
"554","2012-07-07",0
"555","2012-07-08",0
"556","2012-07-09",0
"557","2012-07-10",0
"558","2012-07-11",0
"559","2012-07-12",0
"560","2012-07-13",0.08
"561","2012-07-14",0
"562","2012-07-15",0
"563","2012-07-16",0
"564","2012-07-17",0
"565","2012-07-18",1.51
"566","2012-07-19",0.57
"567","2012-07-20",0
"568","2012-07-21",0
"569","2012-07-22",0
"570","2012-07-23",0
"571","2012-07-24",0.45
"572","2012-07-25",0
"573","2012-07-26",0.2
"574","2012-07-27",0
"575","2012-07-28",0
"576","2012-07-29",0
"577","2012-07-30",0
"578","2012-07-31",0.14
"579","2012-08-01",0
"580","2012-08-02",0
"581","2012-08-03",0
"582","2012-08-04",1.11
"583","2012-08-05",0
"584","2012-08-06",0
"585","2012-08-07",0
"586","2012-08-08",0.01
"587","2012-08-09",0.02
"588","2012-08-10",0.29
"589","2012-08-11",0
"590","2012-08-12",0
"591","2012-08-13",0.31
"592","2012-08-14",0.01
"593","2012-08-15",0
"594","2012-08-16",0.29
"595","2012-08-17",0
"596","2012-08-18",0
"597","2012-08-19",0
"598","2012-08-20",0.76
"599","2012-08-21",0
"600","2012-08-22",0
"601","2012-08-23",0
"602","2012-08-24",0
"603","2012-08-25",0
"604","2012-08-26",3.33
"605","2012-08-27",0
"606","2012-08-28",0
"607","2012-08-29",0
"608","2012-08-30",0
"609","2012-08-31",0
"610","2012-09-01",0.15
"611","2012-09-02",0
"612","2012-09-03",0
"613","2012-09-04",0.14
"614","2012-09-05",0.11
"615","2012-09-06",0
"616","2012-09-07",0.14
"617","2012-09-08",0.23
"618","2012-09-09",0
"619","2012-09-10",0
"620","2012-09-11",0
"621","2012-09-12",0
"622","2012-09-13",0.11
"623","2012-09-14",0
"624","2012-09-15",0
"625","2012-09-16",0
"626","2012-09-17",0.11
"627","2012-09-18",0
"628","2012-09-19",0
"629","2012-09-20",0
"630","2012-09-21",0.05
"631","2012-09-22",0.02
"632","2012-09-23",0
"633","2012-09-24",0
"634","2012-09-25",0
"635","2012-09-26",0
"636","2012-09-27",0
"637","2012-09-28",0
"638","2012-09-29",0
"639","2012-09-30",0
"640","2012-10-01",0
"641","2012-10-02",0
"642","2012-10-03",0.02
"643","2012-10-04",0.11
"644","2012-10-05",0
"645","2012-10-06",0
"646","2012-10-07",0
"647","2012-10-08",0
"648","2012-10-09",0.21
"649","2012-10-10",0
"650","2012-10-11",0
"651","2012-10-12",0
"652","2012-10-13",0.44
"653","2012-10-14",0.62
"654","2012-10-15",0
"655","2012-10-16",0
"656","2012-10-17",0.4
"657","2012-10-18",0.11
"658","2012-10-19",0.09
"659","2012-10-20",0
"660","2012-10-21",0
"661","2012-10-22",0.17
"662","2012-10-23",0.02
"663","2012-10-24",0
"664","2012-10-25",0.5
"665","2012-10-26",0
"666","2012-10-27",0
"667","2012-10-28",0
"668","2012-10-29",0
"669","2012-10-30",0
"670","2012-10-31",0
"671","2012-11-01",0
"672","2012-11-02",0
"673","2012-11-03",0
"674","2012-11-04",0
"675","2012-11-05",0
"676","2012-11-06",0.11
"677","2012-11-07",0.02
"678","2012-11-08",0
"679","2012-11-09",0
"680","2012-11-10",0.34
"681","2012-11-11",0.34
"682","2012-11-12",0.05
"683","2012-11-13",0
"684","2012-11-14",0
"685","2012-11-15",0
"686","2012-11-16",0
"687","2012-11-17",0
"688","2012-11-18",0
"689","2012-11-19",0.02
"690","2012-11-20",0
"691","2012-11-21",0
"692","2012-11-22",0.07
"693","2012-11-23",0.01
"694","2012-11-24",0
"695","2012-11-25",0
"696","2012-11-26",0
"697","2012-11-27",0
"698","2012-11-28",0
"699","2012-11-29",0
"700","2012-11-30",0
"701","2012-12-01",0
"702","2012-12-02",0
"703","2012-12-03",0
"704","2012-12-04",0
"705","2012-12-05",0
"706","2012-12-06",0
"707","2012-12-07",0.07
"708","2012-12-08",0.09
"709","2012-12-09",0.14
"710","2012-12-10",0.02
"711","2012-12-11",0
"712","2012-12-12",0
"713","2012-12-13",0
"714","2012-12-14",0
"715","2012-12-15",0.16
"716","2012-12-16",0.01
"717","2012-12-17",0
"718","2012-12-18",0
"719","2012-12-19",0.03
"720","2012-12-20",1.29
"721","2012-12-21",0.02
"722","2012-12-22",0
"723","2012-12-23",0
"724","2012-12-24",0
"725","2012-12-25",0
"726","2012-12-26",0
"727","2012-12-27",0
"728","2012-12-28",0.01
"729","2012-12-29",0.01
"730","2012-12-30",0
"731","2012-12-31",0
"732","2013-01-01",0
"733","2013-01-02",0
"734","2013-01-03",0
"735","2013-01-04",0
"736","2013-01-05",0.02
"737","2013-01-06",0
"738","2013-01-07",0
"739","2013-01-08",0
"740","2013-01-09",0
"741","2013-01-10",0.56
"742","2013-01-11",0.21
"743","2013-01-12",0.09
"744","2013-01-13",0.03
"745","2013-01-14",0.02
"746","2013-01-15",0
"747","2013-01-16",0
"748","2013-01-17",0
"749","2013-01-18",0
"750","2013-01-19",0
"751","2013-01-20",0
"752","2013-01-21",0
"753","2013-01-22",0
"754","2013-01-23",0
"755","2013-01-24",0
"756","2013-01-25",0.04
"757","2013-01-26",0.01
"758","2013-01-27",0.21
"759","2013-01-28",0.16
"760","2013-01-29",1.09
"761","2013-01-30",0.37
"762","2013-01-31",0.01
"763","2013-02-01",0.03
"764","2013-02-02",0.1
"765","2013-02-03",0
"766","2013-02-04",0.06
"767","2013-02-05",0.01
"768","2013-02-06",0.01
"769","2013-02-07",0.61
"770","2013-02-08",0.02
"771","2013-02-09",0
"772","2013-02-10",0.22
"773","2013-02-11",0.01
"774","2013-02-12",0
"775","2013-02-13",0
"776","2013-02-14",0
"777","2013-02-15",0
"778","2013-02-16",0
"779","2013-02-17",0
"780","2013-02-18",0.21
"781","2013-02-19",0.03
"782","2013-02-20",0
"783","2013-02-21",0.1
"784","2013-02-22",0.22
"785","2013-02-23",0
"786","2013-02-24",0
"787","2013-02-25",0
"788","2013-02-26",0.54
"789","2013-02-27",0.14
"790","2013-02-28",0.03
"791","2013-03-01",0.01
"792","2013-03-02",0
"793","2013-03-03",0
"794","2013-03-04",0
"795","2013-03-05",0.48
"796","2013-03-06",0.02
"797","2013-03-07",0
"798","2013-03-08",0
"799","2013-03-09",0.02
"800","2013-03-10",1.02
"801","2013-03-11",0.06
"802","2013-03-12",0.02
"803","2013-03-13",0
"804","2013-03-14",0
"805","2013-03-15",0.15
"806","2013-03-16",0
"807","2013-03-17",0
"808","2013-03-18",0.06
"809","2013-03-19",0
"810","2013-03-20",0
"811","2013-03-21",0
"812","2013-03-22",0
"813","2013-03-23",0
"814","2013-03-24",0
"815","2013-03-25",0
"816","2013-03-26",0
"817","2013-03-27",0
"818","2013-03-28",0
"819","2013-03-29",0.03
"820","2013-03-30",0
"821","2013-03-31",0.03
"822","2013-04-01",0
"823","2013-04-02",0
"824","2013-04-03",0
"825","2013-04-04",0
"826","2013-04-05",0
"827","2013-04-06",0.17
"828","2013-04-07",0
"829","2013-04-08",0.42
"830","2013-04-09",0.1
"831","2013-04-10",1.17
"832","2013-04-11",0.21
"833","2013-04-12",0
"834","2013-04-13",0
"835","2013-04-14",0
"836","2013-04-15",0.32
"837","2013-04-16",0.02
"838","2013-04-17",2.38
"839","2013-04-18",1.76
"840","2013-04-19",0.01
"841","2013-04-20",0
"842","2013-04-21",0
"843","2013-04-22",0
"844","2013-04-23",0.53
"845","2013-04-24",0.01
"846","2013-04-25",0
"847","2013-04-26",0
"848","2013-04-27",0
"849","2013-04-28",0.03
"850","2013-04-29",0
"851","2013-04-30",0
"852","2013-05-01",0
"853","2013-05-02",0
"854","2013-05-03",0.02
"855","2013-05-04",0
"856","2013-05-05",0
"857","2013-05-06",0
"858","2013-05-07",0
"859","2013-05-08",0
"860","2013-05-09",0.67
"861","2013-05-10",0.05
"862","2013-05-11",0
"863","2013-05-12",0
"864","2013-05-13",0
"865","2013-05-14",0
"866","2013-05-15",0
"867","2013-05-16",0
"868","2013-05-17",0
"869","2013-05-18",0
"870","2013-05-19",0
"871","2013-05-20",1.3
"872","2013-05-21",0.21
"873","2013-05-22",0.56
"874","2013-05-23",0.27
"875","2013-05-24",0
"876","2013-05-25",0
"877","2013-05-26",0
"878","2013-05-27",0.23
"879","2013-05-28",2.42
"880","2013-05-29",0.02
"881","2013-05-30",0.05
"882","2013-05-31",0.27
"883","2013-06-01",0.21
"884","2013-06-02",0
"885","2013-06-03",0
"886","2013-06-04",0
"887","2013-06-05",0
"888","2013-06-06",0.05
"889","2013-06-07",0
"890","2013-06-08",0
"891","2013-06-09",0
"892","2013-06-10",0.71
"893","2013-06-11",0.02
"894","2013-06-12",0.52
"895","2013-06-13",0
"896","2013-06-14",0
"897","2013-06-15",0.07
"898","2013-06-16",0
"899","2013-06-17",0.01
"900","2013-06-18",0.04
"901","2013-06-19",0
"902","2013-06-20",0
"903","2013-06-21",0.04
"904","2013-06-22",0
"905","2013-06-23",0
"906","2013-06-24",0.05
"907","2013-06-25",0.01
"908","2013-06-26",0.12
"909","2013-06-27",0
"910","2013-06-28",0.18
"911","2013-06-29",0.02
"912","2013-06-30",0
"913","2013-07-01",0
"914","2013-07-02",0
"915","2013-07-03",0.05
"916","2013-07-04",0
"917","2013-07-05",0
"918","2013-07-06",0
"919","2013-07-07",0
"920","2013-07-08",0.81
"921","2013-07-09",0
"922","2013-07-10",0
"923","2013-07-11",0
"924","2013-07-12",0
"925","2013-07-13",0
"926","2013-07-14",0
"927","2013-07-15",0.01
"928","2013-07-16",0
"929","2013-07-17",0
"930","2013-07-18",0
"931","2013-07-19",0
"932","2013-07-20",0.06
"933","2013-07-21",0.01
"934","2013-07-22",0
"935","2013-07-23",0
"936","2013-07-24",0
"937","2013-07-25",0
"938","2013-07-26",0.01
"939","2013-07-27",0
"940","2013-07-28",0.01
"941","2013-07-29",0
"942","2013-07-30",0.01
"943","2013-07-31",0.13
"944","2013-08-01",0.02
"945","2013-08-02",0.3
"946","2013-08-03",0
"947","2013-08-04",0
"948","2013-08-05",0
"949","2013-08-06",0
"950","2013-08-07",0
"951","2013-08-08",0
"952","2013-08-09",0.01
"953","2013-08-10",0
"954","2013-08-11",0
"955","2013-08-12",0.17
"956","2013-08-13",0
"957","2013-08-14",0
"958","2013-08-15",0
"959","2013-08-16",0
"960","2013-08-17",0
"961","2013-08-18",0
"962","2013-08-19",0
"963","2013-08-20",0
"964","2013-08-21",0.13
"965","2013-08-22",0.38
"966","2013-08-23",0.01
"967","2013-08-24",0
"968","2013-08-25",0
"969","2013-08-26",0
"970","2013-08-27",0
"971","2013-08-28",0
"972","2013-08-29",0
"973","2013-08-30",0.45
"974","2013-08-31",0.7
"975","2013-09-01",0
"976","2013-09-02",0
"977","2013-09-03",0
"978","2013-09-04",0
"979","2013-09-05",0
"980","2013-09-06",0
"981","2013-09-07",0
"982","2013-09-08",0
"983","2013-09-09",0
"984","2013-09-10",0
"985","2013-09-11",0
"986","2013-09-12",0.02
"987","2013-09-13",0
"988","2013-09-14",0
"989","2013-09-15",0.3
"990","2013-09-16",0
"991","2013-09-17",0
"992","2013-09-18",0.35
"993","2013-09-19",0.05
"994","2013-09-20",0.02
"995","2013-09-21",0
"996","2013-09-22",0
"997","2013-09-23",0
"998","2013-09-24",0
"999","2013-09-25",0
"1000","2013-09-26",0
"1001","2013-09-27",0
"1002","2013-09-28",0
"1003","2013-09-29",0.19
"1004","2013-09-30",0
"1005","2013-10-01",0
"1006","2013-10-02",0
"1007","2013-10-03",0.88
"1008","2013-10-04",0
"1009","2013-10-05",0.47
"1010","2013-10-06",0.08
"1011","2013-10-07",0
"1012","2013-10-08",0
"1013","2013-10-09",0
"1014","2013-10-10",0
"1015","2013-10-11",0
"1016","2013-10-12",0
"1017","2013-10-13",0
"1018","2013-10-14",0
"1019","2013-10-15",0.07
"1020","2013-10-16",0
"1021","2013-10-17",0.18
"1022","2013-10-18",0
"1023","2013-10-19",0
"1024","2013-10-20",0
"1025","2013-10-21",0.03
"1026","2013-10-22",0.04
"1027","2013-10-23",0.01
"1028","2013-10-24",0
"1029","2013-10-25",0
"1030","2013-10-26",0
"1031","2013-10-27",0
"1032","2013-10-28",0
"1033","2013-10-29",0
"1034","2013-10-30",1.41
"1035","2013-10-31",1.85
"1036","2013-11-01",0.03
"1037","2013-11-02",0.01
"1038","2013-11-03",0
"1039","2013-11-04",0
"1040","2013-11-05",0
"1041","2013-11-06",0.93
"1042","2013-11-07",0
"1043","2013-11-08",0
"1044","2013-11-09",0
"1045","2013-11-10",0
"1046","2013-11-11",0.06
"1047","2013-11-12",0
"1048","2013-11-13",0
"1049","2013-11-14",0
"1050","2013-11-15",0
"1051","2013-11-16",0.31
"1052","2013-11-17",0.71
"1053","2013-11-18",0
"1054","2013-11-19",0
"1055","2013-11-20",0.17
"1056","2013-11-21",0.03
"1057","2013-11-22",0.02
"1058","2013-11-23",0
"1059","2013-11-24",0
"1060","2013-11-25",0
"1061","2013-11-26",0
"1062","2013-11-27",0
"1063","2013-11-28",0
"1064","2013-11-29",0
"1065","2013-11-30",0
"1066","2013-12-01",0
"1067","2013-12-02",0.08
"1068","2013-12-03",0.04
"1069","2013-12-04",0.03
"1070","2013-12-05",0
"1071","2013-12-06",0
"1072","2013-12-07",0
"1073","2013-12-08",0.13
"1074","2013-12-09",0
"1075","2013-12-10",0
"1076","2013-12-11",0.04
"1077","2013-12-12",0
"1078","2013-12-13",0.01
"1079","2013-12-14",0.23
"1080","2013-12-15",0
"1081","2013-12-16",0
"1082","2013-12-17",0
"1083","2013-12-18",0
"1084","2013-12-19",0.04
"1085","2013-12-20",0.19
"1086","2013-12-21",0.32
"1087","2013-12-22",0.06
"1088","2013-12-23",0
"1089","2013-12-24",0
"1090","2013-12-25",0.08
"1091","2013-12-26",0
"1092","2013-12-27",0
"1093","2013-12-28",0
"1094","2013-12-29",0
"1095","2013-12-30",0
"1096","2013-12-31",0.14
"1097",NA,0.2
"1098",NA,0
"1099",NA,0
"1100",NA,1.84
"1101",NA,0
"1102",NA,0
"1103",NA,0
"1104",NA,0
"1105",NA,0
"1106",NA,0
"1107",NA,0.12
"1108",NA,0
"1109",NA,0
"1110",NA,0
"1111",NA,0
"1112",NA,0
"1113",NA,0
"1114",NA,0.02
"1115",NA,0
"1116",NA,0
"1117",NA,0
"1118",NA,0
"1119",NA,0
"1120",NA,0
"1121",NA,0.07
"1122",NA,0
"1123",NA,0
"1124",NA,0
"1125",NA,0
"1126",NA,0
"1127",NA,0
"1128",NA,1.17
"1129",NA,0
"1130",NA,0
"1131",NA,0
"1132",NA,0
"1133",NA,0
"1134",NA,0
"1135",NA,0
"1136",NA,0
"1137",NA,0
"1138",NA,0
"1139",NA,0
"1140",NA,0
"1141",NA,0
"1142",NA,0
"1143",NA,0
"1144",NA,0
"1145",NA,0
"1146",NA,0
"1147",NA,0
"1148",NA,0
"1149",NA,0.15
"1150",NA,0
"1151",NA,0
"1152",NA,0
"1153",NA,0
"1154",NA,0
"1155",NA,0
"1156",NA,0.27
"1157",NA,0
"1158",NA,0
"1159",NA,0
"1160",NA,0
"1161",NA,0
"1162",NA,0
"1163",NA,0
"1164",NA,0
"1165",NA,0
"1166",NA,0
"1167",NA,0
"1168",NA,0
"1169",NA,0
"1170",NA,0
"1171",NA,0
"1172",NA,0
"1173",NA,0
"1174",NA,0
"1175",NA,0
"1176",NA,0
"1177",NA,0.2
"1178",NA,0
"1179",NA,0
"1180",NA,0
"1181",NA,0
"1182",NA,0
"1183",NA,0
"1184",NA,0
"1185",NA,0
"1186",NA,0
"1187",NA,0
"1188",NA,0
"1189",NA,0
"1190",NA,0
"1191",NA,0.48
"1192",NA,0
"1193",NA,0
"1194",NA,0
"1195",NA,0
"1196",NA,0
"1197",NA,0
"1198",NA,0.93
"1199",NA,0
"1200",NA,0
"1201",NA,0
"1202",NA,0
"1203",NA,0
"1204",NA,0
"1205",NA,1.07
"1206",NA,0
"1207",NA,0
"1208",NA,0
"1209",NA,0
"1210",NA,0
"1211",NA,0
"1212",NA,0.86
"1213",NA,0
"1214",NA,0
"1215",NA,0
"1216",NA,0
"1217",NA,0
"1218",NA,0
"1219",NA,0
"1220",NA,0
"1221",NA,0
"1222",NA,0
"1223",NA,0
"1224",NA,0
"1225",NA,0
"1226",NA,0.47
"1227",NA,0
"1228",NA,0
"1229",NA,0
"1230",NA,0
"1231",NA,0
"1232",NA,0
"1233",NA,0
"1234",NA,0
"1235",NA,0
"1236",NA,0
"1237",NA,0
"1238",NA,0
"1239",NA,0
"1240",NA,0
"1241",NA,0
"1242",NA,0
"1243",NA,0
"1244",NA,0
"1245",NA,0
"1246",NA,0
"1247",NA,0.05
"1248",NA,0
"1249",NA,0
"1250",NA,0
"1251",NA,0
"1252",NA,0
"1253",NA,0
"1254",NA,0.02
"1255",NA,0
"1256",NA,0
"1257",NA,0
"1258",NA,0
"1259",NA,0
"1260",NA,0
"1261",NA,0
"1262",NA,0
"1263",NA,0
"1264",NA,0
"1265",NA,0
"1266",NA,0
"1267",NA,0
"1268",NA,0.56
"1269",NA,0
"1270",NA,0
"1271",NA,0
"1272",NA,0
"1273",NA,0
"1274",NA,0
"1275",NA,0
"1276",NA,0
"1277",NA,0
"1278",NA,0
"1279",NA,0
"1280",NA,0
"1281",NA,0
"1282",NA,1.03
"1283",NA,0
"1284",NA,0
"1285",NA,0
"1286",NA,0
"1287",NA,0
"1288",NA,0
"1289",NA,0
"1290",NA,0
"1291",NA,0
"1292",NA,0
"1293",NA,0
"1294",NA,0
"1295",NA,0
"1296",NA,0
"1297",NA,0
"1298",NA,0
"1299",NA,0
"1300",NA,0
"1301",NA,0
"1302",NA,0
"1303",NA,0
"1304",NA,0
"1305",NA,0
"1306",NA,0
"1307",NA,0
"1308",NA,0
"1309",NA,0
"1310",NA,2.69
"1311",NA,0
"1312",NA,0
"1313",NA,0
"1314",NA,0
"1315",NA,0
"1316",NA,0
"1317",NA,0.43
"1318",NA,0
"1319",NA,0
"1320",NA,0
"1321",NA,0
"1322",NA,0
"1323",NA,0
"1324",NA,1.03
"1325",NA,0
"1326",NA,0
"1327",NA,0
"1328",NA,0
"1329",NA,0
"1330",NA,0
"1331",NA,0
"1332",NA,0
"1333",NA,0
"1334",NA,0
"1335",NA,0
"1336",NA,0
"1337",NA,0
"1338",NA,0
"1339",NA,0
"1340",NA,0
"1341",NA,0
"1342",NA,0
"1343",NA,0
"1344",NA,0
"1345",NA,0.28
"1346",NA,0
"1347",NA,0
"1348",NA,0
"1349",NA,0
"1350",NA,0
"1351",NA,0
"1352",NA,0.12
"1353",NA,0
"1354",NA,0
"1355",NA,0
"1356",NA,0
"1357",NA,0
"1358",NA,0
"1359",NA,0
"1360",NA,0
"1361",NA,0
"1362",NA,0
"1363",NA,0
"1364",NA,0
"1365",NA,0
"1366",NA,0.05
"1367",NA,0
"1368",NA,0
"1369",NA,0
"1370",NA,0
"1371",NA,0
"1372",NA,0
"1373",NA,0.05
"1374",NA,0
"1375",NA,0
"1376",NA,0
"1377",NA,0
"1378",NA,0
"1379",NA,0
"1380",NA,0
"1381",NA,0
"1382",NA,0
"1383",NA,0
"1384",NA,0
"1385",NA,0
"1386",NA,0
"1387",NA,0.1
"1388",NA,0
"1389",NA,0
"1390",NA,0
"1391",NA,0
"1392",NA,0
"1393",NA,0
"1394",NA,1.11
"1395",NA,0
"1396",NA,0
"1397",NA,0
"1398",NA,0
"1399",NA,0
"1400",NA,0
"1401",NA,1.87
"1402",NA,0
"1403",NA,0
"1404",NA,0
"1405",NA,0
"1406",NA,0
"1407",NA,0
"1408",NA,1.9
"1409",NA,0
"1410",NA,0
"1411",NA,0
"1412",NA,0
"1413",NA,0
"1414",NA,0
"1415",NA,2.15
"1416",NA,0
"1417",NA,0
"1418",NA,0
"1419",NA,0
"1420",NA,0
"1421",NA,0
"1422",NA,4.86
"1423",NA,0
"1424",NA,0
"1425",NA,0
"1426",NA,0
"1427",NA,0
"1428",NA,0
"1429",NA,1.07
"1430",NA,0
"1431",NA,0
"1432",NA,0
"1433",NA,0
"1434",NA,0
"1435",NA,0
"1436",NA,0
"1437",NA,0
"1438",NA,0
"1439",NA,0
"1440",NA,0
"1441",NA,0
"1442",NA,0
"1443",NA,1.16
"1444",NA,0
"1445",NA,0
"1446",NA,0
"1447",NA,0
"1448",NA,0
"1449",NA,0
"1450",NA,0.07
"1451",NA,0
"1452",NA,0
"1453",NA,0
"1454",NA,0
"1455",NA,0
"1456",NA,0
"1457",NA,0.22
"1458",NA,0
"1459",NA,0
"1460",NA,0
"1461",NA,0
"1462",NA,0
"1463",NA,0
"1464",NA,0.46
"1465",NA,0
"1466",NA,0
"1467",NA,0
"1468",NA,0
"1469",NA,0
"1470",NA,0
"1471",NA,0.88
"1472",NA,0
"1473",NA,0
"1474",NA,0
"1475",NA,0
"1476",NA,0
"1477",NA,0
"1478",NA,0
"1479",NA,0
"1480",NA,0
"1481",NA,0
"1482",NA,0
"1483",NA,0
"1484",NA,0
"1485",NA,0.12
"1486",NA,0
"1487",NA,0
"1488",NA,0
"1489",NA,0
"1490",NA,0
"1491",NA,0
"1492",NA,1.92
"1493",NA,0
"1494",NA,0
"1495",NA,0
"1496",NA,0
"1497",NA,0
"1498",NA,0
"1499",NA,0
"1500",NA,0
"1501",NA,0
"1502",NA,0
"1503",NA,0
"1504",NA,0
"1505",NA,0
"1506",NA,0.02
"1507",NA,0
"1508",NA,0
"1509",NA,0
"1510",NA,0
"1511",NA,0
"1512",NA,0
"1513",NA,0
"1514",NA,0
"1515",NA,0
"1516",NA,0
"1517",NA,0
"1518",NA,0
"1519",NA,0
"1520",NA,0.24
"1521",NA,0
"1522",NA,0
"1523",NA,0
"1524",NA,0
"1525",NA,0
"1526",NA,0
"1527",NA,0.15
"1528",NA,0
"1529",NA,0
"1530",NA,0
"1531",NA,0
"1532",NA,0
"1533",NA,0
"1534",NA,0.18
"1535",NA,0
"1536",NA,0
"1537",NA,0
"1538",NA,0
"1539",NA,0
"1540",NA,0
"1541",NA,0
"1542",NA,0
"1543",NA,0
"1544",NA,0
"1545",NA,0
"1546",NA,0
"1547",NA,0
"1548",NA,0.8
"1549",NA,0
"1550",NA,0
"1551",NA,0
"1552",NA,0
"1553",NA,0
"1554",NA,0
"1555",NA,0.04
"1556",NA,0
"1557",NA,0
"1558",NA,0
"1559",NA,0
"1560",NA,0
"1561",NA,0
"1562",NA,0
"1563",NA,0
"1564",NA,0
"1565",NA,0
"1566",NA,0
"1567",NA,0
"1568",NA,0
"1569",NA,0.81
"1570",NA,0
"1571",NA,0
"1572",NA,0
"1573",NA,0
"1574",NA,0
"1575",NA,0
"1576",NA,0.02
"1577",NA,0
"1578",NA,0
"1579",NA,0
"1580",NA,0
"1581",NA,0
"1582",NA,0
"1583",NA,1.79
"1584",NA,0
"1585",NA,0
"1586",NA,0
"1587",NA,0
"1588",NA,0
"1589",NA,0
"1590",NA,0.79
"1591",NA,0
"1592",NA,0
"1593",NA,0
"1594",NA,0
"1595",NA,0
"1596",NA,0
"1597",NA,0.02
"1598",NA,0
"1599",NA,0
"1600",NA,0
"1601",NA,0
"1602",NA,0
"1603",NA,0
"1604",NA,2.78
"1605",NA,0
"1606",NA,0
"1607",NA,0
"1608",NA,0
"1609",NA,0
"1610",NA,0
"1611",NA,2.76
"1612",NA,0
"1613",NA,0
"1614",NA,0
"1615",NA,0
"1616",NA,0
"1617",NA,0
"1618",NA,0
"1619",NA,0
"1620",NA,0
"1621",NA,0
"1622",NA,0
"1623",NA,0
"1624",NA,0
"1625",NA,0
"1626",NA,0
"1627",NA,0
"1628",NA,0
"1629",NA,0
"1630",NA,0
"1631",NA,0
"1632",NA,1.37
"1633",NA,0
"1634",NA,0
"1635",NA,0
"1636",NA,0
"1637",NA,0
"1638",NA,0
"1639",NA,0
"1640",NA,0
"1641",NA,0
"1642",NA,0
"1643",NA,0
"1644",NA,0
"1645",NA,0
"1646",NA,0
"1647",NA,0
"1648",NA,0
"1649",NA,0
"1650",NA,0
"1651",NA,0
"1652",NA,0
"1653",NA,0
"1654",NA,0
"1655",NA,0
"1656",NA,0
"1657",NA,0
"1658",NA,0
"1659",NA,0
"1660",NA,0
"1661",NA,0
"1662",NA,0
"1663",NA,0
"1664",NA,0
"1665",NA,0
"1666",NA,0
"1667",NA,1.2
"1668",NA,0
"1669",NA,0
"1670",NA,0
"1671",NA,0
"1672",NA,0
"1673",NA,0
"1674",NA,0
"1675",NA,0
"1676",NA,0
"1677",NA,0
"1678",NA,0
"1679",NA,0
"1680",NA,0
"1681",NA,0
"1682",NA,0
"1683",NA,0
"1684",NA,0
"1685",NA,0
"1686",NA,0
"1687",NA,0
"1688",NA,0.5
"1689",NA,0
"1690",NA,0
"1691",NA,0
"1692",NA,0
"1693",NA,0
"1694",NA,0
"1695",NA,0
"1696",NA,0
"1697",NA,0
"1698",NA,0
"1699",NA,0
"1700",NA,0
"1701",NA,0
"1702",NA,0
"1703",NA,0
"1704",NA,0
"1705",NA,0
"1706",NA,0
"1707",NA,0
"1708",NA,0
"1709",NA,0.59
"1710",NA,0
"1711",NA,0
"1712",NA,0
"1713",NA,0
"1714",NA,0
"1715",NA,0
"1716",NA,0.22
"1717",NA,0
"1718",NA,0
"1719",NA,0
"1720",NA,0
"1721",NA,0
"1722",NA,0
"1723",NA,0.61
"1724",NA,0
"1725",NA,0
"1726",NA,0
"1727",NA,0
"1728",NA,0
"1729",NA,0
"1730",NA,1.69
"1731",NA,0
"1732",NA,0
"1733",NA,0
"1734",NA,0
"1735",NA,0
"1736",NA,0
"1737",NA,1.77
"1738",NA,0
"1739",NA,0
"1740",NA,0
"1741",NA,0
"1742",NA,0
"1743",NA,0
"1744",NA,0
"1745",NA,0
"1746",NA,0
"1747",NA,0
"1748",NA,0
"1749",NA,0
"1750",NA,0
"1751",NA,0
"1752",NA,0
"1753",NA,0
"1754",NA,0
"1755",NA,0
"1756",NA,0
"1757",NA,0
"1758",NA,0
"1759",NA,0
"1760",NA,0
"1761",NA,0
"1762",NA,0
"1763",NA,0
"1764",NA,0
"1765",NA,0.15
"1766",NA,0
"1767",NA,0
"1768",NA,0
"1769",NA,0
"1770",NA,0
"1771",NA,0
"1772",NA,0
"1773",NA,0
"1774",NA,0
"1775",NA,0
"1776",NA,0
"1777",NA,0
"1778",NA,0
"1779",NA,0.3
"1780",NA,0
"1781",NA,0
"1782",NA,0
"1783",NA,0
"1784",NA,0
"1785",NA,0
"1786",NA,0.02
"1787",NA,0
"1788",NA,0
"1789",NA,0
"1790",NA,0
"1791",NA,0
"1792",NA,0
"1793",NA,0.91
"1794",NA,0
"1795",NA,0
"1796",NA,0
"1797",NA,0
"1798",NA,0
"1799",NA,0
"1800",NA,0
"1801",NA,0
"1802",NA,0
"1803",NA,0
"1804",NA,0
"1805",NA,0
"1806",NA,0
"1807",NA,0.95
"1808",NA,0
"1809",NA,0
"1810",NA,0
"1811",NA,0
"1812",NA,0
"1813",NA,0
"1814",NA,0.02
"1815",NA,0
"1816",NA,0
"1817",NA,0
"1818",NA,0
"1819",NA,0
"1820",NA,0
"1821",NA,0
"1822",NA,0
"1823",NA,0
"1824",NA,0
"1825",NA,0
"1826",NA,0
"1827",NA,0
"1828",NA,0.25
"1829",NA,0
"1830",NA,0
"1831",NA,0
"1832",NA,0
"1833",NA,0
"1834",NA,0
"1835",NA,0
"1836",NA,0
"1837",NA,0
"1838",NA,0
"1839",NA,0
"1840",NA,0
"1841",NA,0
"1842",NA,2.97
"1843",NA,0
"1844",NA,0
"1845",NA,0
"1846",NA,0
"1847",NA,0
"1848",NA,0
"1849",NA,0
"1850",NA,0
"1851",NA,0
"1852",NA,0
"1853",NA,0
"1854",NA,0
"1855",NA,0
"1856",NA,0
"1857",NA,0
"1858",NA,0
"1859",NA,0
"1860",NA,0
"1861",NA,0
"1862",NA,0
"1863",NA,0
"1864",NA,0
"1865",NA,0
"1866",NA,0
"1867",NA,0
"1868",NA,0
"1869",NA,0
"1870",NA,0
"1871",NA,0
"1872",NA,0
"1873",NA,0
"1874",NA,0
"1875",NA,0
"1876",NA,0
"1877",NA,0.3
"1878",NA,0
"1879",NA,0
"1880",NA,0
"1881",NA,0
"1882",NA,0
"1883",NA,0
"1884",NA,3.98
"1885",NA,0
"1886",NA,0
"1887",NA,0
"1888",NA,0
"1889",NA,0
"1890",NA,0
"1891",NA,0
"1892",NA,0
"1893",NA,0
"1894",NA,0
"1895",NA,0
"1896",NA,0
"1897",NA,0
"1898",NA,0
"1899",NA,0
"1900",NA,0
"1901",NA,0
"1902",NA,0
"1903",NA,0
"1904",NA,0
"1905",NA,0
"1906",NA,0
"1907",NA,0
"1908",NA,0
"1909",NA,0
"1910",NA,0
"1911",NA,0
"1912",NA,0.37
"1913",NA,0
"1914",NA,0
"1915",NA,0
"1916",NA,0
"1917",NA,0
"1918",NA,0
"1919",NA,0.61
"1920",NA,0
"1921",NA,0
"1922",NA,0
"1923",NA,0
"1924",NA,0
"1925",NA,0
"1926",NA,0.37
"1927",NA,0
"1928",NA,0
"1929",NA,0
"1930",NA,0
"1931",NA,0
"1932",NA,0
"1933",NA,1.01
"1934",NA,0
"1935",NA,0
"1936",NA,0
"1937",NA,0
"1938",NA,0
"1939",NA,0
"1940",NA,0.93
"1941",NA,0
"1942",NA,0
"1943",NA,0
"1944",NA,0
"1945",NA,0
"1946",NA,0
"1947",NA,7.46
"1948",NA,0
"1949",NA,0
"1950",NA,0
"1951",NA,0
"1952",NA,0
"1953",NA,0
"1954",NA,0
"1955",NA,0
"1956",NA,0
"1957",NA,0
"1958",NA,0
"1959",NA,0
"1960",NA,0
"1961",NA,1.16
"1962",NA,0
"1963",NA,0
"1964",NA,0
"1965",NA,0
"1966",NA,0
"1967",NA,0
"1968",NA,0
"1969",NA,0
"1970",NA,0
"1971",NA,0
"1972",NA,0
"1973",NA,0
"1974",NA,0
"1975",NA,0.02
"1976",NA,0
"1977",NA,0
"1978",NA,0
"1979",NA,0
"1980",NA,0
"1981",NA,0
"1982",NA,0
"1983",NA,0
"1984",NA,0
"1985",NA,0
"1986",NA,0
"1987",NA,0
"1988",NA,0
"1989",NA,0.17
"1990",NA,0
"1991",NA,0
"1992",NA,0
"1993",NA,0
"1994",NA,0
"1995",NA,0
"1996",NA,0.64
"1997",NA,0
"1998",NA,0
"1999",NA,0
"2000",NA,0
"2001",NA,0
"2002",NA,0
"2003",NA,0.09
"2004",NA,0
"2005",NA,0
"2006",NA,0
"2007",NA,0
"2008",NA,0
"2009",NA,0
"2010",NA,0
"2011",NA,0
"2012",NA,0
"2013",NA,0
"2014",NA,0
"2015",NA,0
"2016",NA,0
"2017",NA,0
"2018",NA,0
"2019",NA,0
"2020",NA,0
"2021",NA,0
"2022",NA,0
"2023",NA,0
"2024",NA,0
"2025",NA,0
"2026",NA,0
"2027",NA,0
"2028",NA,0
"2029",NA,0
"2030",NA,0
"2031",NA,0
"2032",NA,0
"2033",NA,0
"2034",NA,0
"2035",NA,0
"2036",NA,0
"2037",NA,0
"2038",NA,0
"2039",NA,0
"2040",NA,0
"2041",NA,0
"2042",NA,0
"2043",NA,0
"2044",NA,0
"2045",NA,0
"2046",NA,0
"2047",NA,0
"2048",NA,0
"2049",NA,0
"2050",NA,0
"2051",NA,0
"2052",NA,0
"2053",NA,0
"2054",NA,0
"2055",NA,0
"2056",NA,0
"2057",NA,0
"2058",NA,0
"2059",NA,0
"2060",NA,0
"2061",NA,0
"2062",NA,0
"2063",NA,0
"2064",NA,0
"2065",NA,0
"2066",NA,0.4
"2067",NA,0
"2068",NA,0
"2069",NA,0
"2070",NA,0
"2071",NA,0
"2072",NA,0
"2073",NA,0
"2074",NA,0
"2075",NA,0
"2076",NA,0
"2077",NA,0
"2078",NA,0
"2079",NA,0
"2080",NA,0
"2081",NA,0
"2082",NA,0
"2083",NA,0
"2084",NA,0
"2085",NA,0
"2086",NA,0
"2087",NA,0.18
"2088",NA,0
"2089",NA,0
"2090",NA,0
"2091",NA,0
"2092",NA,0
"2093",NA,0
"2094",NA,0
"2095",NA,0
"2096",NA,0
"2097",NA,0
"2098",NA,0
"2099",NA,0
"2100",NA,0
"2101",NA,0.47
"2102",NA,0
"2103",NA,0
"2104",NA,0
"2105",NA,0
"2106",NA,0
"2107",NA,0
"2108",NA,2.49
"2109",NA,0
"2110",NA,0
"2111",NA,0
"2112",NA,0
"2113",NA,0
"2114",NA,0
"2115",NA,13.21
"2116",NA,0
"2117",NA,0
"2118",NA,0
"2119",NA,0
"2120",NA,0
"2121",NA,0
"2122",NA,1.09
"2123",NA,0
"2124",NA,0
"2125",NA,0
"2126",NA,0
"2127",NA,0
"2128",NA,0
"2129",NA,0.02
"2130",NA,0
"2131",NA,0
"2132",NA,0
"2133",NA,0
"2134",NA,0
"2135",NA,0
"2136",NA,0.05
"2137",NA,0
"2138",NA,0
"2139",NA,0
"2140",NA,0
"2141",NA,0
"2142",NA,0
"2143",NA,0.4
"2144",NA,0
"2145",NA,0
"2146",NA,0
"2147",NA,0
"2148",NA,0
"2149",NA,0
"2150",NA,1.57
"2151",NA,0
"2152",NA,0
"2153",NA,0
"2154",NA,0
"2155",NA,0
"2156",NA,0
"2157",NA,0
"2158",NA,0
"2159",NA,0
"2160",NA,0
"2161",NA,0
"2162",NA,0
"2163",NA,0
"2164",NA,0
"2165",NA,0
"2166",NA,0
"2167",NA,0
"2168",NA,0
"2169",NA,0
"2170",NA,0
"2171",NA,0
"2172",NA,0
"2173",NA,0
"2174",NA,0
"2175",NA,0
"2176",NA,0
"2177",NA,0
"2178",NA,0
"2179",NA,0
"2180",NA,0
"2181",NA,0
"2182",NA,0
"2183",NA,0
"2184",NA,0
"2185",NA,0.02
"2186",NA,0
"2187",NA,0
"2188",NA,0
"2189",NA,0
"2190",NA,0
"2191",NA,0
"2192",NA,0
