Zip Code,Location,Population,People / Sq. Mile
60626,"42.009340, -87.669902","59,251","34,520.21"
60660,"41.990561, -87.664706","47,726","34,193.05"
60640,"41.972347, -87.663982","74,030","32,103.29"
60657,"41.938964, -87.656811","66,789","31,204.02"
60610,"41.900034, -87.636967","47,513","30,110.68"
60613,"41.958302, -87.660698","50,548","25,857.54"
60647,"41.921117, -87.701899","98,769","25,372.11"
60625,"41.973081, -87.699751","91,351","23,681.91"
60614,"41.922667, -87.652537","65,474","20,838.01"
60651,"41.902029, -87.740432","77,583","20,738.60"
60659,"41.991923, -87.704608","39,155","19,859.02"
60639,"41.920639, -87.755793","92,951","19,854.06"
60618,"41.946755, -87.702861","98,147","19,640.92"
60623,"41.847079, -87.719446","108,144","19,007.22"
60615,"41.801502, -87.603332","45,096","18,936.31"
60645,"42.008406, -87.695793","44,197","18,576.05"
60641,"41.946466, -87.746971","73,824","18,163.14"
60649,"41.763484, -87.570411","54,823","17,870.96"
60611,"41.893024, -87.618998","26,522","17,783.87"
60622,"41.901894, -87.672630","76,015","17,489.00"
60601,"41.885805, -87.622911","5,591","17,101.15"
60644,"41.880614, -87.756903","59,059","16,705.95"
60653,"41.819722, -87.611809","34,502","15,629.38"
60661,"41.882458, -87.643946","4,382","15,455.28"
60301,"41.888528, -87.797803","2,158","15,443.60"
60629,"41.774690, -87.714185","113,984","15,212.28"
60608,"41.848647, -87.672320","92,472","14,180.66"
60165,"41.903190, -87.880264","5,171","14,093.73"
60616,"41.844977, -87.629846","47,073","13,948.12"
60636,"41.775708, -87.669011","51,451","13,581.48"
60624,"41.880048, -87.722352","45,647","13,574.16"
60804,"41.842221, -87.758465","86,133","13,070.16"
60637,"41.780673, -87.603500","57,090","13,045.69"
60621,"41.776404, -87.640058","47,514","12,891.83"
60632,"41.810213, -87.711761","87,577","12,507.78"
60619,"41.743383, -87.605811","74,963","11,991.80"
60304,"41.872502, -87.789298","17,839","11,477.99"
60620,"41.740481, -87.653749","85,771","11,439.03"
60707,"41.921792, -87.807947","42,621","11,251.70"
60630,"41.972071, -87.756569","54,781","11,213.53"
60302,"41.894702, -87.789897","32,527","10,828.29"
60634,"41.946189, -87.806117","74,164","10,611.96"
60202,"42.030428, -87.689609","32,208","10,404.30"
60609,"41.812680, -87.656935","79,469","10,286.83"
60612,"41.880500, -87.687967","37,990","10,195.72"
60402,"41.831650, -87.790639","60,373","9,548.05"
60153,"41.879902, -87.843656","26,863","9,528.69"
60201,"42.056424, -87.696751","41,977","8,865.38"
60652,"41.746234, -87.711953","39,126","8,425.81"
60104,"41.882742, -87.876519","20,571","8,377.72"
60628,"41.692200, -87.617859","87,827","8,286.36"
60456,"41.730548, -87.731295","4,452","8,188.40"
60643,"41.696894, -87.661375","52,568","7,845.03"
60631,"41.994948, -87.813225","28,832","7,754.38"
60040,"42.207459, -87.814455","5,645","7,640.01"
60656,"41.973544, -87.830234","27,129","7,590.96"
60706,"41.963820, -87.816767","22,809","7,449.59"
61606,"40.699744, -89.611257","9,674","7,247.72"
60617,"41.718172, -87.555846","96,288","7,168.75"
60203,"42.048983, -87.718039","4,691","7,068.42"
60655,"41.694722, -87.703687","29,138","6,541.10"
60453,"41.713426, -87.753165","54,499","6,526.01"
60077,"42.034520, -87.757210","25,040","6,477.42"
60076,"42.036889, -87.731145","34,263","6,430.66"
60607,"41.874503, -87.651322","15,552","6,428.11"
60415,"41.703381, -87.780612","14,039","6,419.85"
60606,"41.881988, -87.637329","1,682","6,140.44"
60605,"41.857651, -87.615592","12,423","6,027.29"
60139,"41.918877, -88.078095","32,303","5,949.85"
60805,"41.722366, -87.701809","20,821","5,893.88"
60459,"41.745449, -87.769853","27,978","5,835.43"
60194,"42.039256, -88.110398","41,366","5,826.82"
60513,"41.824947, -87.846219","19,146","5,771.03"
60534,"41.813241, -87.821890","10,212","5,770.54"
60646,"41.992931, -87.760278","27,016","5,741.46"
60074,"42.147397, -88.035906","23,963","5,738.81"
60088,"42.314059, -87.841019","13,319","5,651.09"
60409,"41.609860, -87.549169","39,065","5,634.87"
60419,"41.626654, -87.598693","25,567","5,522.86"
60458,"41.752940, -87.836741","14,226","5,357.26"
60016,"42.049580, -87.895000","58,611","5,353.98"
60056,"42.065387, -87.936099","56,625","5,336.73"
60505,"41.760258, -88.290715","56,971","5,225.99"
60068,"42.011741, -87.844043","37,732","5,211.96"
60130,"41.866074, -87.817799","15,688","5,200.19"
60091,"42.077372, -87.728382","27,386","5,164.32"
61820,"40.115811, -88.244336","33,624","5,122.84"
60160,"41.904050, -87.862366","23,034","5,064.09"
60171,"41.925482, -87.839077","10,681","5,053.87"
60638,"41.783650, -87.770407","55,788","5,010.81"
60482,"41.687735, -87.792871","11,262","4,915.97"
60714,"42.028109, -87.810269","31,051","4,859.80"
60085,"42.352097, -87.867656","72,937","4,834.82"
60559,"41.794437, -87.975994","25,954","4,754.39"
60181,"41.876897, -87.976328","30,161","4,711.87"
60004,"42.111435, -87.977824","52,735","4,684.73"
60305,"41.894875, -87.819064","11,635","4,664.63"
60827,"41.650561, -87.636071","33,209","4,657.07"
61801,"40.107923, -88.212433","29,369","4,630.62"
60070,"42.101571, -87.928317","16,126","4,620.63"
61104,"42.251735, -89.077975","20,421","4,565.10"
60712,"42.006025, -87.733024","12,371","4,563.78"
60603,"41.880614, -87.629311",378,"4,553.49"
60005,"42.064472, -87.986690","29,183","4,472.17"
60164,"41.916746, -87.900633","21,682","4,471.31"
60406,"41.656424, -87.683716","25,370","4,468.47"
60155,"41.857691, -87.856317","8,254","4,453.31"
60053,"42.042355, -87.789270","21,668","4,413.02"
61603,"40.714851, -89.573251","19,433","4,404.87"
60546,"41.837923, -87.821859","15,700","4,404.52"
60514,"41.779483, -87.957760","17,313","4,356.71"
60107,"42.024037, -88.176716","35,638","4,353.34"
60469,"41.627969, -87.687334","4,703","4,320.82"
60163,"41.887788, -87.910073","5,212","4,309.39"
60064,"42.324027, -87.856704","16,121","4,240.16"
61605,"40.676123, -89.635420","18,529","4,223.60"
60517,"41.752353, -88.047072","31,344","4,214.97"
60043,"42.088741, -87.714204","2,617","4,183.54"
60526,"41.831309, -87.875678","13,301","4,162.96"
60193,"42.010768, -88.094090","41,099","4,156.21"
61821,"40.108267, -88.275585","28,583","4,123.71"
60089,"42.167231, -87.962924","42,115","4,093.41"
60188,"41.915194, -88.126001","43,730","3,999.59"
60558,"41.804795, -87.901530","12,539","3,919.49"
60435,"41.546837, -88.127053","52,542","3,879.61"
60126,"41.893430, -87.939248","45,355","3,788.89"
60187,"41.852057, -88.110194","61,481","3,782.36"
60455,"41.746341, -87.810462","16,138","3,764.42"
60472,"41.643958, -87.709960","6,672","3,715.79"
60501,"41.784206, -87.816734","11,175","3,666.14"
60516,"41.758991, -88.016089","30,593","3,644.71"
62704,"39.776015, -89.685968","41,264","3,643.85"
60429,"41.573819, -87.680201","16,070","3,638.26"
60131,"41.937911, -87.883041","19,342","3,634.21"
60090,"42.129419, -87.921102","36,736","3,632.98"
60172,"41.978744, -88.089587","25,349","3,623.91"
60426,"41.606262, -87.667160","47,649","3,615.98"
60471,"41.481244, -87.723952","12,855","3,611.13"
60154,"41.847756, -87.892103","16,714","3,609.28"
60915,"41.148230, -87.856517","10,439","3,540.49"
60561,"41.741696, -87.981757","23,570","3,522.15"
60457,"41.723789, -87.829619","14,110","3,518.99"
60148,"41.873793, -88.017158","50,460","3,496.81"
60452,"41.604776, -87.758108","27,899","3,459.19"
60438,"41.566191, -87.552054","28,950","3,432.66"
60101,"41.931060, -88.013050","38,141","3,412.10"
60162,"41.871475, -87.900758","8,513","3,382.42"
60108,"41.947975, -88.085302","21,960","3,337.75"
60540,"41.764651, -88.146658","42,065","3,317.24"
60137,"41.866724, -88.061412","38,026","3,295.45"
61701,"40.476923, -88.993260","37,240","3,291.71"
60008,"42.065664, -88.020004","23,318","3,241.75"
60532,"41.789443, -88.083984","27,341","3,211.95"
60440,"41.701454, -88.074897","46,546","3,210.90"
60430,"41.557705, -87.661331","21,152","3,165.94"
60067,"42.109381, -88.055894","50,825","3,162.55"
62273,"38.779550, -89.597009",46,"3,130.79"
60565,"41.730036, -88.119512","40,640","3,115.33"
60110,"42.127485, -88.281700","32,145","3,104.57"
62289,"38.596369, -89.751114",312,"3,059.73"
61263,"41.260125, -90.605180",307,"3,043.46"
60803,"41.673552, -87.735958","22,757","3,023.49"
60445,"41.632885, -87.740413","25,979","3,010.84"
61524,"40.490634, -90.032338",140,"2,977.78"
61236,"41.518293, -90.356769",58,"2,973.46"
60195,"42.073186, -88.107210","29,924","2,971.88"
60029,"42.056978, -87.791914",354,"2,942.73"
60538,"41.721619, -88.329462","13,702","2,927.02"
60025,"42.079550, -87.822184","49,574","2,884.65"
60113,"41.931283, -88.964509",304,"2,860.22"
60103,"41.975865, -88.181123","75,585","2,836.50"
60473,"41.597379, -87.599150","22,218","2,787.62"
62915,"37.778432, -89.119355",189,"2,719.78"
62093,"39.069505, -89.854783",343,"2,687.36"
60475,"41.472441, -87.629436","9,180","2,648.07"
61833,"40.096485, -87.645926","2,132","2,621.41"
60465,"41.699227, -87.838452","17,198","2,582.69"
62689,"39.539213, -89.760780",538,"2,563.66"
60910,"41.080209, -87.806225",537,"2,527.97"
60093,"42.103828, -87.757826","19,528","2,514.95"
61108,"42.255014, -89.001286","27,370","2,498.09"
60191,"41.964839, -87.981107","14,360","2,486.91"
62570,"39.588322, -89.449121",516,"2,484.31"
60432,"41.541455, -88.043075","21,431","2,482.11"
61201,"41.477559, -90.575628","39,151","2,447.91"
60061,"42.230541, -87.959159","20,328","2,430.31"
60477,"41.569890, -87.804998","56,840","2,409.63"
60463,"41.659339, -87.788859","13,286","2,408.58"
62701,"39.800528, -89.650214","1,122","2,403.86"
60035,"42.182110, -87.812051","29,772","2,399.92"
60021,"42.193078, -88.217939","5,877","2,387.06"
61282,"41.497310, -90.411325","8,962","2,379.89"
60515,"41.808839, -88.025326","27,514","2,377.92"
60462,"41.626234, -87.836393","38,431","2,365.39"
60176,"41.967265, -87.888140","11,636","2,336.65"
62523,"39.843835, -88.952387",879,"2,335.98"
62085,"39.078551, -89.806963",24,"2,333.58"
61013,"42.373284, -89.636000",460,"2,333.19"
61265,"41.483360, -90.484208","46,646","2,327.17"
62702,"39.824720, -89.646827","39,437","2,305.86"
60106,"41.962733, -87.943341","22,404","2,300.23"
61232,"41.441023, -90.721225",358,"2,276.97"
60525,"41.779354, -87.871381","32,475","2,275.56"
60422,"41.536760, -87.684404","9,224","2,237.62"
60062,"42.126248, -87.842761","40,392","2,222.89"
62084,"38.852167, -90.087809","1,433","2,213.84"
60007,"42.011258, -87.995151","35,162","2,209.15"
60073,"42.354337, -88.106559","39,115","2,198.90"
60466,"41.457905, -87.692847","30,302","2,195.32"
60015,"42.170385, -87.871782","27,224","2,176.97"
60018,"42.005342, -87.901058","29,950","2,159.06"
61115,"42.361406, -89.034104","20,431","2,147.80"
60478,"41.557770, -87.727885","16,168","2,136.37"
60967,"40.614415, -87.592357",86,"2,119.06"
60037,"42.211310, -87.805417",901,"2,103.40"
60044,"42.285138, -87.860924","15,516","2,095.51"
60521,"41.757112, -87.931953","37,496","2,081.20"
60120,"42.028433, -88.235666","48,581","2,066.10"
61614,"40.755134, -89.598186","34,386","2,059.14"
60022,"42.133782, -87.764704","8,490","2,050.93"
62927,"37.939570, -89.240961",312,"2,050.52"
61107,"42.285290, -89.001692","30,040","2,047.05"
62226,"38.530765, -90.006051","27,065","2,039.78"
60109,"42.051869, -88.549790",158,"2,012.52"
60177,"41.988195, -88.308090","16,941","2,004.10"
60425,"41.543874, -87.613911","9,011","1,999.75"
61077,"42.237411, -89.358030",42,"1,976.04"
62205,"38.608534, -90.123577","10,343","1,958.79"
62204,"38.632079, -90.091268","10,725","1,957.46"
60190,"41.867918, -88.162954","12,065","1,946.84"
60042,"42.278206, -88.196627","8,877","1,926.73"
60506,"41.771450, -88.374367","51,184","1,925.69"
60564,"41.707430, -88.194820","32,206","1,915.06"
60031,"42.376836, -87.941865","37,461","1,898.09"
60014,"42.230093, -88.326152","44,468","1,894.97"
61114,"42.306605, -88.990894","15,557","1,884.82"
61604,"40.707262, -89.658577","33,587","1,884.57"
60563,"41.800827, -88.170504","31,405","1,882.23"
62703,"39.758573, -89.632289","31,211","1,866.40"
60411,"41.507883, -87.591507","60,461","1,848.75"
60504,"41.767095, -88.252064","44,412","1,814.54"
62089,"39.131588, -89.491408",281,"1,813.09"
60173,"42.051556, -88.055522","12,046","1,798.34"
60102,"42.173656, -88.324742","47,985","1,798.09"
61111,"42.331896, -89.011924","20,555","1,782.70"
62087,"38.824782, -90.060193","1,889","1,753.28"
62060,"38.676709, -90.147954","5,816","1,752.22"
60174,"41.928464, -88.293481","31,513","1,742.03"
62279,"38.153279, -90.134127",26,"1,737.17"
60542,"41.807559, -88.333149","11,007","1,699.96"
61332,"41.189533, -88.982636",36,"1,677.33"
60134,"41.878343, -88.342066","21,497","1,670.18"
60519,"41.778113, -88.242002",74,"1,667.92"
62207,"38.583745, -90.126397","9,841","1,647.16"
61761,"40.529306, -88.997226","45,337","1,646.78"
60087,"42.405338, -87.849201","23,530","1,628.00"
60467,"41.600117, -87.892455","20,904","1,618.83"
60461,"41.518063, -87.692813","4,637","1,574.26"
62077,"39.031100, -89.522915",116,"1,572.31"
60013,"42.221455, -88.240800","24,226","1,544.13"
60433,"41.503034, -88.043656","17,658","1,524.03"
61103,"42.345403, -89.083189","24,368","1,514.82"
62206,"38.570196, -90.156123","18,315","1,510.16"
60490,"41.683799, -88.143752","9,263","1,507.62"
62519,"39.937119, -89.402244",85,"1,475.65"
60060,"42.270156, -88.039275","37,027","1,437.00"
60537,"41.560521, -88.598274",376,"1,435.83"
61239,"41.500115, -90.390388",301,"1,433.55"
60157,"41.974486, -88.054956","2,111","1,417.25"
61832,"40.136854, -87.634482","39,127","1,399.37"
62997,"37.981228, -89.592017",663,"1,373.38"
62203,"38.600158, -90.077777","10,275","1,368.38"
60099,"42.462525, -87.877706","29,882","1,343.41"
60446,"41.647793, -88.110167","20,141","1,335.61"
60143,"41.973970, -88.021083","10,021","1,329.09"
61610,"40.643958, -89.599085","5,041","1,321.67"
61037,"41.787710, -89.760595",138,"1,312.88"
60112,"41.920733, -88.677080","1,294","1,296.66"
61091,"41.905967, -89.542148",10,"1,277.11"
62090,"38.670035, -90.173245","1,589","1,220.58"
62018,"38.908641, -90.084401","4,387","1,219.80"
60510,"41.844503, -88.324869","26,565","1,218.42"
62208,"38.598465, -90.010112","14,752","1,216.14"
62219,"38.606766, -89.435548",949,"1,210.29"
61323,"41.434924, -89.395583",102,"1,207.79"
60523,"41.836556, -87.953483","10,231","1,195.05"
62095,"38.858623, -90.093048","10,482","1,187.33"
62822,"37.973966, -89.057671","2,972","1,176.80"
60555,"41.829894, -88.203349","13,852","1,167.30"
60046,"42.414156, -88.056404","30,225","1,162.88"
60096,"42.476605, -87.828163","6,853","1,159.86"
60069,"42.192402, -87.924232","7,204","1,155.46"
60030,"42.335391, -88.057912","32,340","1,126.29"
62336,"40.467707, -91.171233",65,"1,110.10"
60633,"41.661941, -87.557757","13,262","1,102.54"
60443,"41.504747, -87.749003","15,125","1,095.25"
62540,"39.586807, -89.407280","1,392","1,094.61"
62891,"38.012148, -89.043695",565,"1,088.18"
62266,"38.477657, -89.680267",109,"1,067.47"
62292,"38.212024, -89.683675",643,"1,064.31"
60047,"42.200425, -88.047505","38,168","1,062.04"
60436,"41.490240, -88.104482","16,184","1,060.17"
60020,"42.434665, -88.183219","6,457","1,059.74"
60123,"42.028126, -88.375725","55,201","1,057.28"
60185,"41.895559, -88.210654","32,936","1,056.25"
62921,"37.806125, -89.083374",353,"1,046.88"
60448,"41.539637, -87.892261","19,476","1,026.07"
60464,"41.665020, -87.865049","9,520","1,015.11"
60451,"41.507651, -87.961090","27,338",988.43
62062,"38.725931, -89.961315","4,431",974.75
60084,"42.260677, -88.140532","13,061",969.19
60045,"42.238498, -87.874567","22,248",964.92
60048,"42.295408, -87.950611","28,562",937.88
62221,"38.529202, -89.902082","22,252",936.99
60431,"41.517237, -88.206315","23,392",917.74
61244,"41.522518, -90.388048","22,300",848.96
62234,"38.684033, -89.978323","31,986",848.09
62825,"37.996145, -89.068678",216,847.69
62269,"38.602811, -89.919147","26,249",824.79
62002,"38.944962, -90.133191","34,062",823.55
60441,"41.599408, -88.022074","49,103",811.50
60602,"41.883067, -87.629187",70,810.58
62034,"38.754871, -89.972284","12,015",807.68
61857,"40.115809, -87.840418",167,797.52
60050,"42.345498, -88.250307","47,813",794.68
60041,"42.367535, -88.156411","9,286",789.48
61564,"40.496240, -89.653975",994,781.38
61256,"41.547833, -90.407493","1,506",778.91
62225,"38.543095, -89.851779","5,348",768.12
62522,"39.832676, -89.047729","18,458",766.23
61372,"41.466084, -89.075556",120,756.99
60476,"41.569482, -87.601706","2,601",743.67
61419,"41.200969, -90.118912",46,741.73
61233,"41.293039, -90.291771",524,740.91
62059,"38.653018, -90.173336",668,729.71
62040,"38.724486, -90.114671","46,104",725.14
60536,"41.596596, -88.556603",96,720.90
61615,"40.748922, -89.672355","18,411",718.54
61874,"40.048463, -88.276654","4,355",713.86
60544,"41.610447, -88.218398","44,284",713.36
61109,"42.193439, -89.051577","26,584",710.57
62058,"38.966607, -89.768822",760,709.30
61815,"40.111440, -88.377852",172,708.25
62223,"38.540266, -90.057990","17,207",704.92
62526,"39.902482, -88.975638","36,440",684.92
62239,"38.535176, -90.161471","4,766",653.32
60118,"42.109430, -88.310016","14,739",651.99
61611,"40.698158, -89.533217","23,663",642.62
61102,"42.228769, -89.162524","20,383",637.82
62048,"38.832252, -90.097321","1,508",630.01
60192,"42.068268, -88.219060","1,775",616.75
62024,"38.868449, -90.054005","12,439",612.10
61554,"40.539336, -89.618231","43,500",607.74
60423,"41.477368, -87.832416","22,853",604.01
60439,"41.678525, -87.965200","20,004",597.24
62232,"38.634742, -90.003108","7,101",595.79
62933,"37.779686, -89.019370","1,005",592.68
60141,"41.858329, -87.837895",247,586.25
61871,"40.189704, -87.974548",175,576.58
62010,"38.923400, -90.051360","10,648",566.90
60002,"42.469215, -88.079880","19,442",566.23
62521,"39.810219, -88.939561","37,281",561.97
61101,"42.346079, -89.146087","23,347",560.57
62948,"37.817092, -89.030683","11,834",548.42
60604,"41.878266, -87.626150",78,546.75
60010,"42.146794, -88.165268","39,819",546.62
61340,"41.265130, -89.254045",327,546.40
60097,"42.386654, -88.358454","10,434",546.16
60175,"41.948188, -88.388701","17,953",530.88
62216,"38.602276, -89.602961",934,529.14
61329,"41.374136, -89.199344","1,322",527.25
62953,"37.209266, -88.846999",427,526.91
61430,"40.939231, -90.311209",718,512.31
62201,"38.627798, -90.145445","8,452",510.30
62250,"38.540417, -89.263798",462,492.90
61073,"42.419412, -88.996491","15,981",489.75
60012,"42.278923, -88.305902","9,919",484.62
60115,"41.897151, -88.748596","42,372",483.27
60408,"41.253554, -88.217879","5,077",482.44
62220,"38.477814, -89.956860","19,902",477.28
62999,"37.874517, -89.058124","1,709",464.33
61563,"40.490079, -90.063469",511,462.99
62549,"39.765995, -88.863600","5,740",462.81
60480,"41.721256, -87.880964","4,758",459.38
62879,"38.766243, -88.358796",120,456.21
62009,"39.087928, -89.799496","2,171",443.13
62294,"38.707309, -89.881773","12,479",433.59
60081,"42.451014, -88.225409","8,321",431.21
60914,"41.186862, -87.857862","22,499",427.64
61324,"41.769393, -89.413342",107,420.23
60543,"41.664136, -88.317818","18,769",409.61
60417,"41.427585, -87.586149","15,780",402.35
61550,"40.608895, -89.441806","17,088",400.72
60557,"41.438362, -88.769875",101,390.74
60901,"41.109386, -87.903673","37,224",377.64
61317,"41.433120, -89.207839",324,371.80
61241,"41.481542, -90.291435","6,944",369.79
60410,"41.423524, -88.202206","7,585",367.46
61439,"41.028017, -90.358717",282,367.39
62535,"39.928690, -88.954942","2,572",366.62
61320,"41.345866, -89.172559",738,356.25
60474,"41.180498, -88.291994",733,344.61
62301,"39.928206, -91.343825","52,461",343.75
61607,"40.630463, -89.691062","10,473",343.27
61008,"42.245919, -88.841130","28,361",335.19
62046,"38.899187, -89.847984",388,327.17
61571,"40.699747, -89.423576","20,338",325.96
61080,"42.479921, -88.992675","8,848",323.75
61316,"41.258962, -89.119415",250,316.30
62334,"40.397426, -91.248406",151,315.86
61315,"41.296626, -89.378424",253,312.95
61401,"40.949361, -90.384249","36,568",311.70
60416,"41.289325, -88.283366","7,288",303.01
62035,"38.970472, -90.238356","15,808",301.00
62541,"39.967890, -89.356799",33,297.72
62876,"38.291101, -89.190269",330,296.40
61552,"40.818012, -89.563057",135,290.66
61704,"40.413575, -88.897098","35,851",289.52
62629,"39.677952, -89.721302","9,543",284.82
61331,"41.745142, -89.276970",51,279.26
62949,"37.848719, -89.143599",612,278.36
61416,"40.501883, -90.561856",152,277.05
62707,"39.816560, -89.773612","27,197",272.63
61301,"41.401096, -89.082214","10,433",266.64
62025,"38.835844, -89.932633","29,749",266.61
60184,"41.961142, -88.254439",698,259.62
60098,"42.323676, -88.454873","27,526",259.56
60548,"41.649149, -88.638131","11,054",255.58
61362,"41.351398, -89.232844","5,785",255.53
61602,"40.663381, -89.617227",774,244.86
61883,"40.034532, -87.635213","4,622",244.39
62852,"38.351811, -87.851021",240,243.83
61354,"41.326577, -89.142496","10,647",243.43
62918,"37.786372, -89.086175","8,632",241.34
60178,"42.008135, -88.660206","16,477",237.43
62901,"37.682417, -89.169992","30,069",236.43
62459,"38.930045, -88.027748",261,235.40
62028,"38.962395, -90.340335","1,208",231.49
61032,"42.313472, -89.634375","32,632",219.29
61523,"40.922069, -89.533558","10,835",216.33
61853,"40.227039, -88.402876","10,454",215.50
60083,"42.433530, -87.947225","5,387",214.98
60142,"42.173997, -88.444664","7,891",214.30
62663,"39.548677, -90.309742",340,210.54
62951,"37.825540, -88.920660","5,330",205.69
60545,"41.678507, -88.542461","7,638",205.12
62285,"38.389752, -90.010301","3,121",203.02
61802,"40.133715, -88.147869","16,566",200.34
61071,"41.724673, -89.698867","14,862",199.14
62848,"38.435397, -89.166528",753,197.83
60654,"41.888109, -87.636652",7,195.04
60136,"42.105485, -88.380573","1,459",193.20
61866,"40.309911, -88.159298","14,201",188.86
62561,"39.856298, -89.517193","4,750",188.82
60945,"40.820433, -87.595380",202,182.72
61539,"40.556403, -89.762073",224,182.37
62966,"37.773052, -89.351985","20,166",181.43
61081,"41.850006, -89.739377","22,844",180.60
62236,"38.431016, -90.205133","10,517",178.91
61938,"39.480989, -88.374500","22,264",178.91
62896,"37.890293, -88.918462","12,949",178.85
61010,"42.138658, -89.260611","7,139",176.99
61363,"41.251990, -89.179230",272,176.57
62401,"39.121339, -88.567701","19,070",175.15
61072,"42.442353, -89.138490","8,612",174.52
61338,"41.449229, -89.668494",375,173.60
62801,"38.507116, -89.146657","24,141",172.19
61535,"40.578709, -89.516102","1,398",171.77
62864,"38.329374, -88.905119","24,929",171.56
62959,"37.716831, -88.910350","24,807",169.96
61264,"41.400286, -90.582179","12,316",168.40
61359,"41.369851, -89.265425",273,164.47
61920,"39.512041, -88.154193","24,572",164.39
62088,"39.008407, -89.799282","6,816",162.67
61240,"41.426791, -90.423743","6,033",162.06
62914,"37.064055, -89.222426","4,044",160.90
62695,"39.617787, -90.210139",433,160.33
61350,"41.372048, -88.865134","24,207",158.83
61364,"41.141049, -88.848607","20,540",157.69
62023,"39.111771, -89.787116",114,156.73
60552,"41.666888, -88.706507","3,824",156.20
60969,"41.111508, -88.144227",95,154.08
60933,"40.465079, -88.269459",349,154.04
62684,"39.906292, -89.588541","3,739",153.89
62249,"38.754556, -89.667278","13,449",152.59
60974,"40.707896, -87.732175",340,151.98
61021,"41.832433, -89.477102","23,360",151.61
62963,"37.093719, -89.172080",730,150.53
61322,"41.312016, -89.307397","1,677",150.25
62982,"37.434776, -88.362925","1,423",147.98
61525,"40.848528, -89.666878","5,477",147.90
61547,"40.633467, -89.769239","3,412",146.57
61822,"40.134170, -88.302917","15,375",145.95
60554,"41.776649, -88.457034","4,812",145.08
60560,"41.607123, -88.432686","11,502",143.31
61065,"42.400588, -88.836952","7,161",142.78
60119,"41.851532, -88.476450","7,705",142.36
62656,"40.144542, -89.366493","20,703",142.35
62650,"39.736549, -90.223742","27,581",141.59
61443,"41.263671, -89.944897","14,381",139.81
61016,"42.197297, -88.947723","3,933",139.23
62254,"38.607514, -89.816254","5,253",131.88
61275,"41.594846, -90.299299","4,606",131.58
60135,"42.112495, -88.670862","6,007",130.69
62846,"38.145206, -88.866853","2,724",129.58
62568,"39.557474, -89.291742","16,328",129.20
61025,"42.470902, -90.556260","4,886",127.73
61455,"40.439873, -90.646505","21,659",126.64
60071,"42.468058, -88.315930","2,905",126.15
61548,"40.808363, -89.412699","10,206",126.01
61068,"41.950028, -89.065590","14,559",124.66
62067,"38.924970, -89.991976","2,089",123.43
62260,"38.461846, -90.097710","5,997",122.93
61846,"39.977252, -87.607538","5,163",122.54
62906,"37.462109, -89.172530","7,802",121.34
61348,"41.285723, -89.035197","4,381",120.35
60449,"41.417545, -87.778882","5,705",119.94
61448,"40.928939, -90.250668","4,176",119.52
62536,"39.629076, -89.652328",942,119.45
62881,"38.633038, -88.930396","11,767",119.13
61471,"40.701420, -90.830200",142,118.45
62217,"38.173838, -89.838575","4,114",118.35
60950,"41.252784, -87.884593","8,946",116.87
61530,"40.715875, -89.269032","6,181",115.55
61519,"40.460257, -90.094048",261,115.01
62811,"38.381833, -87.919111",377,113.90
62069,"39.089106, -89.739298","3,447",113.89
62812,"37.997349, -88.918324","11,349",113.56
62874,"37.923441, -88.973766",74,112.65
61520,"40.542377, -90.012592","18,659",112.18
60033,"42.425228, -88.609236","13,269",111.93
61054,"42.051335, -89.448354","3,991",111.86
60450,"41.367640, -88.429505","19,114",111.62
60152,"42.239315, -88.627337","10,974",111.55
62230,"38.635097, -89.531001","5,733",111.49
62362,"39.771459, -90.749688",468,110.78
60407,"41.224464, -88.263146","1,604",110.33
61742,"40.629253, -89.284223",918,110.06
62012,"39.046603, -90.143708","6,563",109.09
62240,"38.501857, -90.176557","1,968",108.74
62215,"38.503499, -89.603947","1,208",107.28
61750,"40.123545, -88.859650",126,105.61
61410,"40.800213, -90.392070","4,174",104.09
62245,"38.560604, -89.577161","2,490",103.14
62243,"38.420638, -89.896875","5,433",102.33
61936,"39.803199, -88.726892",310,102.24
61848,"40.307586, -87.715528",221,102.03
62819,"37.979678, -89.000787",470,99.75
62832,"38.010368, -89.246816","9,677",99.33
62615,"39.587992, -89.764471","5,424",99.28
62265,"38.505520, -89.671753","4,108",98.90
62960,"37.225299, -88.709403","11,453",98.82
60447,"41.487239, -88.322166","7,295",98.13
62298,"38.307234, -90.148926","14,024",97.87
60401,"41.344197, -87.615264","5,537",97.63
62033,"39.136567, -89.839885","5,055",97.53
62454,"38.992998, -87.764346","11,732",96.60
61019,"42.439512, -89.410047","3,482",96.42
61858,"40.134258, -87.761877","2,833",95.31
61252,"41.846678, -90.122788","5,823",94.91
62930,"37.837996, -88.444427","6,754",94.83
60442,"41.393689, -87.962363","6,285",94.15
62839,"38.665542, -88.497579","6,834",93.91
62258,"38.460897, -89.782081","7,381",93.89
60954,"41.147708, -87.622516","7,113",93.72
60920,"41.028422, -88.310453",162,93.47
62946,"37.700824, -88.520323","14,104",91.72
61528,"40.781493, -89.728760","1,608",91.39
60551,"41.524305, -88.687851","5,168",90.62
62052,"39.110330, -90.318164","12,192",90.33
61956,"39.842042, -88.138340","2,909",90.03
61088,"42.268117, -89.262692","4,790",89.77
60481,"41.285227, -88.114298","11,346",89.53
61342,"41.539204, -89.084231","9,221",89.16
62563,"39.719264, -89.496253","4,868",88.44
62554,"39.944478, -88.882262","1,710",87.74
60512,"41.707324, -88.428692",892,87.73
62884,"38.082309, -89.053382","3,083",87.35
60140,"42.080051, -88.515442","7,315",87.13
62517,"39.608088, -89.435177",225,86.79
62882,"38.627631, -89.120530","2,641",86.45
61764,"40.884134, -88.634214","14,677",85.86
61422,"40.545976, -90.529183","3,639",85.46
62514,"39.760061, -89.053402",340,84.08
60180,"42.218710, -88.520167","1,743",83.91
62690,"39.500155, -89.767299","4,157",82.41
62056,"39.179457, -89.671970","8,914",80.91
61084,"42.124022, -89.185652","2,796",80.49
62288,"37.988592, -89.687262","2,977",79.44
60932,"40.456563, -87.796975",135,78.51
61755,"40.526262, -89.332805","4,074",78.12
61834,"40.152546, -87.673298","7,843",77.99
62051,"39.204553, -89.403442","2,952",77.87
61341,"41.344476, -88.687249","7,509",77.58
62917,"37.693356, -88.651554","2,639",77.29
62049,"39.129280, -89.484770","6,839",77.01
61462,"40.925044, -90.647756","12,231",76.90
61911,"39.684473, -88.461972","4,085",76.74
62450,"38.706039, -88.089003","11,900",76.18
62471,"38.946168, -89.130130","10,206",76.04
62863,"38.414971, -87.851809","10,933",75.40
60468,"41.335283, -87.810291","5,317",75.35
61873,"40.133896, -88.039122","5,020",74.86
62618,"40.008752, -90.395769","7,578",74.44
61061,"41.997917, -89.341656","7,358",74.28
62233,"37.934496, -89.825488","6,558",73.66
60928,"40.742249, -87.846442",732,73.19
62983,"37.899310, -89.104813","1,453",71.96
62246,"38.879870, -89.423513","10,003",71.67
62964,"37.127788, -89.217003","1,740",70.93
62417,"38.679670, -87.768860","3,390",70.74
61254,"41.467196, -90.149810","11,399",70.69
61281,"41.299780, -90.520144","2,615",70.24
62341,"40.419061, -91.299825","3,731",69.88
62293,"38.635385, -89.675208","4,576",69.57
62672,"39.394129, -89.810016",296,69.51
62014,"39.041996, -89.949223","4,073",69.18
61536,"40.701063, -89.772963","2,892",68.89
61727,"40.138335, -88.962836","10,260",68.82
61074,"42.125818, -90.120321","4,972",68.27
61273,"41.362504, -90.400619","3,163",67.77
62557,"39.393636, -89.110241","7,701",67.73
61087,"42.482275, -89.992327","1,729",67.44
61531,"40.679051, -90.035783","3,347",67.26
61817,"40.050049, -87.716171","2,838",66.83
62097,"38.936656, -89.852627","2,530",66.54
60145,"42.084558, -88.773824","2,591",66.19
62467,"39.124426, -88.433806","3,664",65.83
61360,"41.350282, -88.602442","2,995",65.78
60520,"41.787267, -88.667548","2,770",65.61
62924,"37.815148, -89.195549","2,721",65.58
62278,"38.207579, -89.986231","6,812",65.56
61057,"41.827705, -89.403541",63,65.05
62520,"39.824551, -89.456341","1,451",64.85
61856,"40.024419, -88.575753","6,762",64.68
61568,"40.491778, -89.483026","4,162",64.41
61337,"41.431528, -89.357675",479,64.37
60511,"41.758993, -88.551993","1,862",64.08
61328,"41.509299, -89.458997",96,64.03
61541,"40.977773, -89.247654",149,63.82
60034,"42.455133, -88.419963","1,896",63.62
60964,"41.044082, -87.686916","7,077",63.59
61864,"39.975064, -88.152723","1,553",62.67
62565,"39.411777, -88.804095","7,659",62.59
61469,"40.953436, -90.918534","2,477",61.72
61356,"41.389301, -89.439865","11,255",61.72
62447,"39.308630, -88.447091","3,684",61.54
62286,"38.112985, -89.716772","6,408",61.26
61284,"41.394212, -90.751797","3,439",60.99
60970,"40.794942, -87.734726","7,582",60.98
60421,"41.419942, -88.106873","3,516",60.50
61843,"40.317127, -88.384070","2,072",60.42
62061,"38.786702, -89.759641","1,455",60.26
61941,"39.803900, -88.075546",117,60.23
62861,"38.031714, -88.062825",182,59.14
62473,"39.021570, -88.567790","1,481",59.11
61748,"40.613536, -88.974623","2,589",59.11
60420,"41.088785, -88.424323","6,123",58.95
61747,"40.416219, -89.435480","1,472",58.82
62837,"38.365180, -88.357724","9,072",58.60
60942,"40.466498, -87.666052","6,889",58.57
61951,"39.575345, -88.589567","7,226",58.43
61537,"41.119200, -89.471462","3,193",58.39
62844,"38.257717, -88.023776","2,238",57.97
61878,"40.231772, -88.145403","1,577",57.94
61880,"39.973825, -88.248947","3,461",57.52
60957,"40.443183, -88.135890","5,680",57.19
60072,"42.414281, -88.312261",348,56.78
61036,"42.413303, -90.376120","6,185",56.78
62352,"39.557763, -90.631329",353,56.48
61533,"40.586374, -89.842499","2,247",56.45
62274,"38.091185, -89.400170","8,532",56.42
62610,"39.577604, -90.438872",224,56.30
62439,"38.744062, -87.639699","8,019",56.27
62675,"40.016559, -89.857986","5,949",55.81
62644,"40.282241, -90.055078","5,773",55.78
61729,"40.627471, -89.215915","1,104",55.66
61048,"42.386260, -89.834850","4,516",55.17
61845,"40.373621, -88.396814","1,839",54.92
60922,"41.011090, -87.919262","2,677",54.92
62022,"39.003162, -90.326185",962,54.77
62870,"38.641671, -89.059062","2,132",54.75
62967,"37.583822, -88.745771",353,54.55
62939,"37.540830, -88.991727","2,896",54.08
61540,"41.014600, -89.366597","2,915",53.66
62640,"39.432023, -89.814455","3,699",53.60
61944,"39.600786, -87.702118","13,791",52.99
61020,"42.112868, -89.098803","1,667",52.61
61326,"41.257957, -89.225444","2,444",52.48
61230,"41.734087, -90.213132","1,183",52.34
61012,"42.411314, -88.754743","1,933",52.27
62995,"37.419990, -88.872869","5,953",52.26
61953,"39.797858, -88.290503","6,285",52.18
62530,"39.560924, -89.659048","1,561",52.09
61270,"41.828528, -89.967371","7,781",51.99
62338,"39.987974, -91.238047","1,364",51.68
61488,"41.030865, -90.320987","1,199",51.65
62078,"39.475860, -90.472232",121,51.50
61261,"41.736022, -89.910033",963,51.48
62411,"39.065775, -88.725942","4,185",51.22
62092,"39.418572, -90.431226","3,155",51.05
62613,"39.997432, -89.665941","3,428",51.01
61745,"40.323663, -88.974560","4,026",50.78
62264,"38.318803, -89.903533","3,222",50.58
61877,"39.984231, -88.074900","1,516",50.24
62626,"39.282692, -89.878244","8,566",50.10
61276,"41.303276, -90.597164",71,49.85
61063,"42.312618, -89.343062","4,036",49.84
62830,"38.443406, -88.967644","1,460",49.82
61814,"40.226458, -87.570036","1,249",49.62
61011,"42.392526, -88.897904","1,976",49.58
62257,"38.284874, -89.728709","3,832",49.34
62872,"38.272572, -88.804340","1,327",48.75
61949,"39.655073, -87.855368",110,48.66
62354,"40.517721, -91.336633","1,559",48.61
62893,"38.465810, -89.030168","1,001",48.56
61733,"40.618858, -89.336899",980,48.30
61739,"40.733489, -88.520202","4,868",47.79
61434,"41.172363, -90.035685","3,610",47.72
61561,"40.805578, -89.206923","2,863",47.40
62047,"39.081757, -90.602147","1,559",47.39
61052,"42.110241, -89.002848","1,238",47.31
62974,"37.781202, -88.782992","1,401",47.28
62922,"37.620754, -88.814807","3,034",46.41
61884,"40.090615, -88.491070","1,172",46.37
61546,"40.456289, -89.790381","4,402",46.37
62360,"39.813563, -91.261630","1,753",46.14
62021,"38.984867, -89.971728",965,46.11
60935,"41.170447, -88.175861",846,45.80
62272,"37.988744, -89.612739","1,636",45.74
62281,"38.697505, -89.786463","1,719",45.54
61738,"40.732336, -89.052469","4,457",45.28
62348,"40.183631, -91.368023",255,45.19
62231,"38.631075, -89.376924","6,980",45.09
61759,"40.437333, -89.334895","1,555",45.01
60151,"41.918475, -88.574468","3,554",44.80
62625,"39.910073, -89.687708",853,44.77
62821,"38.072706, -88.119427","8,049",44.73
61776,"40.572114, -88.870139","1,343",44.45
62920,"37.549537, -89.254384","3,177",44.11
61752,"40.338389, -88.752844","4,147",43.67
61913,"39.823642, -88.469805","1,882",43.39
61517,"40.823253, -89.852912","3,139",43.37
61736,"40.408300, -88.833284","1,335",42.61
62993,"37.147184, -89.278179",143,42.56
62932,"37.906945, -89.210521","1,715",42.35
62030,"39.159104, -90.182563",128,42.20
61529,"40.779364, -89.944261","2,665",42.19
62958,"37.602231, -89.154938","1,908",42.10
62988,"37.269316, -89.282755","2,138",42.01
62441,"39.396725, -87.699029","7,435",41.91
61285,"41.985776, -90.058320","1,659",41.78
62255,"38.313204, -89.783121","1,139",41.74
61859,"40.150428, -87.962905","1,294",41.69
61771,"40.731708, -89.139758",597,41.67
62094,"39.245549, -89.349870","1,251",41.26
62956,"37.285746, -88.948018",989,41.17
62420,"39.289348, -88.006497","4,983",41.06
62545,"39.760928, -89.394294",948,41.04
61818,"39.886708, -88.716505","1,746",40.93
61373,"41.407228, -88.995936","1,998",40.87
61024,"42.436415, -89.297114","2,579",40.71
62363,"39.590496, -90.769665","6,332",40.66
60146,"42.100452, -88.874353","2,238",40.53
62816,"38.185369, -88.913236","1,320",40.42
60936,"40.468310, -88.361798","4,218",40.40
61910,"39.671164, -88.297100","4,370",40.30
60424,"41.164148, -88.327716","2,311",40.03
60940,"41.247629, -87.634431","3,172",39.94
60938,"40.769602, -87.985940","2,222",39.33
61369,"40.985866, -89.155947","1,661",38.95
61346,"41.510218, -89.719171",94,38.91
61231,"41.211487, -90.718219","6,021",38.57
61064,"41.988271, -89.585758","4,035",38.52
61059,"42.451558, -89.958187",135,38.36
61310,"41.693336, -89.362094","4,163",38.32
61353,"41.677525, -89.007909","1,298",38.32
62898,"38.350379, -89.060166","1,898",38.20
61486,"41.195016, -90.577870","1,587",38.10
60556,"41.762918, -88.771142","1,797",38.06
60941,"41.038785, -88.080933","1,986",37.89
61413,"41.190597, -90.368905","1,244",37.72
61060,"42.477597, -89.612912","1,469",37.68
62275,"38.817624, -89.555191","3,681",37.45
62573,"39.945766, -89.077805","1,614",37.41
61426,"41.119635, -89.706009",114,37.31
61542,"40.389729, -90.130236","4,049",37.27
62865,"37.973626, -89.087367","1,879",37.11
61242,"41.708009, -90.285148","1,158",36.82
61031,"41.829901, -89.321283","1,750",36.65
61760,"40.889820, -89.019981","2,691",36.45
61914,"39.645298, -88.763080","1,842",36.40
61732,"40.529527, -89.208590","2,082",36.24
62017,"39.065099, -89.368619","1,287",35.99
61842,"40.249625, -88.666222","2,914",35.96
62558,"39.586712, -89.549853","3,564",35.91
62263,"38.330609, -89.391957","5,270",35.68
60926,"40.573056, -87.814425",76,35.62
61070,"42.413704, -89.470136","1,117",35.61
62952,"37.409570, -89.341001","3,422",35.61
61030,"42.106450, -89.589605","2,250",35.54
61756,"40.019928, -88.986316","2,106",35.40
60913,"41.148374, -88.064009","1,498",35.37
61427,"40.508500, -90.183907","2,427",35.37
62665,"39.816949, -90.529555","1,675",35.33
62460,"38.616312, -87.674294","1,188",35.26
60444,"41.233413, -88.409462","1,545",35.22
61931,"39.586216, -88.361096","1,231",35.06
62468,"39.278197, -88.268882","2,468",35.03
61526,"40.922901, -89.619957","1,173",34.93
62218,"38.521487, -89.483560","1,455",34.91
62458,"39.023525, -88.852235","2,235",34.82
61753,"40.634857, -88.792563","2,932",34.74
62501,"39.993283, -88.816829","1,566",34.51
62992,"37.272609, -89.158001","1,137",34.48
61442,"41.082563, -90.914932",920,34.39
61018,"42.416146, -89.557302","1,133",34.36
61379,"41.390795, -89.606980","1,381",34.15
61374,"41.546176, -89.356126",122,33.99
62086,"38.980771, -89.579837","1,702",33.93
61257,"41.593358, -90.221845","1,402",33.92
61811,"40.292116, -87.615246",800,33.91
61050,"42.438330, -89.731593",447,33.75
62440,"39.394603, -88.267174","1,445",33.71
62433,"39.117775, -87.719718","1,057",33.70
61734,"40.369568, -89.529142","3,054",33.67
61847,"40.319307, -88.011235","1,213",33.67
62550,"39.602469, -88.974820","2,951",33.66
62853,"38.516107, -88.912193",945,33.64
62661,"39.671410, -89.841795","1,294",33.61
61250,"41.655926, -90.112419","2,807",33.43
61327,"41.216259, -89.304286","1,190",33.19
62428,"39.262654, -88.136713","3,187",33.15
62635,"40.293557, -89.442555",651,33.12
62326,"40.420440, -90.808858","2,697",33.06
62082,"39.489989, -90.317508","3,282",33.05
61534,"40.417848, -89.667977","1,905",32.98
61723,"40.252033, -89.284891","2,436",32.91
62451,"38.971177, -87.611121","2,234",32.88
62643,"40.242364, -89.445650",442,32.86
62037,"39.010404, -90.465642","1,842",32.85
62806,"38.380679, -88.076793","3,433",32.79
62075,"39.300660, -89.299779","3,693",32.73
61725,"40.596086, -89.121665","1,268",32.69
62551,"39.847040, -89.152495",867,32.68
61046,"42.107114, -89.817711","2,920",32.64
62935,"37.844774, -88.638638","2,055",32.63
61051,"41.982575, -89.758971","1,638",32.63
62814,"38.378397, -88.731915","2,134",32.55
62670,"39.744719, -89.887948","2,725",32.55
60550,"41.772626, -88.890691","1,445",32.43
61559,"40.924371, -89.771731","3,067",32.34
60541,"41.513357, -88.532418","2,628",32.22
61870,"39.898600, -87.618623","1,357",32.22
61849,"40.003232, -87.976082","1,754",32.09
61919,"39.784439, -88.137770",803,31.97
62567,"39.643582, -89.189080","1,227",31.80
61038,"42.265818, -88.737964","1,371",31.69
62237,"38.186880, -89.576154","3,161",31.60
61465,"41.203730, -90.481270","1,144",31.42
61067,"42.328966, -89.443605",922,31.39
61943,"39.656122, -88.023878","1,900",31.38
61741,"40.760706, -88.405022","1,827",31.36
61569,"40.683232, -89.900619","1,215",31.36
62977,"37.842728, -88.543868",595,31.24
60531,"41.621540, -88.794743","1,975",31.14
61726,"40.731287, -88.695316","2,789",31.09
62531,"39.674378, -89.377560","1,955",31.05
62241,"38.011291, -89.893673","1,158",30.99
61238,"41.286966, -90.174237","3,388",30.95
61319,"41.011122, -88.748560","1,157",30.88
60927,"40.939322, -87.952971","2,288",30.85
62969,"37.160496, -89.343511",879,30.77
61570,"40.918866, -89.288432","1,783",30.75
62422,"39.240360, -88.878849","1,173",30.69
62693,"39.959267, -89.524747","1,712",30.65
62330,"40.613416, -91.115372","1,730",30.58
62001,"38.879786, -89.756873","1,596",30.48
62859,"38.073516, -88.536382","5,630",30.44
61813,"39.900052, -88.565793","2,147",30.41
62539,"39.871973, -89.245803","1,367",30.38
60150,"41.925825, -88.894473","1,677",30.37
62242,"38.093061, -89.934422","1,425",30.23
61039,"42.206557, -89.472078",872,30.12
61490,"41.192456, -90.255696",941,30.04
62984,"37.719230, -88.148471","2,147",29.94
61470,"40.605855, -90.508137",617,29.92
62544,"39.693064, -88.958969","1,714",29.76
62271,"38.440266, -89.517835","2,026",29.72
62869,"37.962444, -88.280867","2,542",29.66
62448,"38.968356, -88.179181","6,063",29.47
62888,"38.129855, -89.229073","2,163",29.21
62462,"39.238774, -88.468519","1,210",29.03
62449,"39.004128, -87.909543","3,212",28.80
62681,"40.135355, -90.550562","5,089",28.77
62664,"40.212562, -89.724144","3,338",28.69
62320,"40.010199, -91.083450","2,257",28.67
61049,"42.047304, -89.017035",505,28.52
61085,"42.344306, -90.033150","3,587",28.42
62353,"39.977725, -90.746953","5,526",28.34
61053,"42.120819, -89.983297","3,228",28.34
62923,"37.336822, -89.032205",517,28.31
60949,"40.378337, -88.105151",739,28.27
60966,"40.750447, -87.585177","1,735",28.23
62996,"37.160782, -89.160247",759,28.23
62325,"40.045624, -91.162046",474,28.19
61047,"42.150445, -89.393735","2,028",28.05
62677,"39.850588, -89.883032","2,501",28.03
61078,"42.166698, -89.727378","1,430",28.02
61957,"39.423598, -88.613278","1,870",28.01
62910,"37.150722, -88.521095","2,725",27.99
62079,"39.108389, -90.131820",180,27.91
62423,"39.464514, -87.590083",738,27.81
61428,"40.933329, -90.113563",954,27.78
62666,"40.082439, -89.539596",696,27.76
61912,"39.521951, -88.039710","1,410",27.74
62016,"39.312689, -90.436701","4,001",27.71
61777,"40.244063, -88.945663","1,027",27.67
62548,"39.977766, -89.287282","2,397",27.66
62926,"37.366678, -89.131409","2,356",27.54
62262,"38.940678, -89.282715","1,868",27.41
60518,"41.593815, -88.918463","3,641",27.34
61424,"41.075689, -89.615269",146,27.32
62889,"38.456539, -88.823598",943,27.02
62976,"37.210737, -89.213805",564,26.89
61377,"41.061382, -89.034038","1,390",26.86
61335,"41.159239, -89.233918",591,26.84
61744,"40.739236, -88.884779","1,991",26.83
62465,"39.351780, -88.638520",970,26.74
61544,"40.687335, -90.227748",706,26.65
60948,"40.535364, -88.086569","1,496",26.65
61235,"41.401294, -90.023559","1,442",26.55
62685,"39.139883, -90.002766","2,213",26.51
62351,"40.101284, -91.271865","1,806",26.45
61370,"41.210728, -89.038814","1,323",26.45
61062,"42.250635, -89.835749","1,972",26.37
61875,"40.103531, -88.416549",795,26.37
61277,"41.613582, -89.930578","3,518",26.27
62474,"39.456917, -88.035856",924,26.26
61450,"40.571726, -90.984258","1,838",26.22
62410,"38.538800, -87.733213","1,094",26.14
61572,"40.797132, -90.039689","1,069",25.98
62321,"40.402583, -91.105084","4,328",25.95
62339,"40.128568, -91.038183",930,25.92
62890,"37.906205, -88.737966","2,511",25.91
61001,"42.465816, -90.110232","1,072",25.90
60955,"40.699506, -87.969261","2,045",25.81
62426,"38.892302, -88.664028","1,187",25.74
61006,"41.861743, -89.202103","1,910",25.64
61376,"41.538440, -89.601790","2,229",25.58
62628,"39.776077, -90.397142","1,033",25.43
61774,"40.426570, -89.202907","1,080",25.36
61279,"41.324116, -90.728729","1,023",25.29
62063,"39.198422, -90.149764","1,291",25.25
61454,"40.685996, -91.046327",771,25.17
62074,"38.965781, -89.682514","1,164",24.95
61491,"41.053786, -89.744514","2,136",24.88
62476,"38.531401, -88.009940","1,937",24.75
62668,"39.572356, -90.234163","1,584",24.68
62692,"39.573992, -89.942917","2,107",24.67
62543,"39.965701, -89.155750",545,24.61
60549,"41.490273, -88.743030",594,24.59
61863,"39.904801, -88.282057",840,24.56
62284,"38.881265, -89.313988",622,24.53
62990,"37.219531, -89.389703","1,098",24.48
62560,"39.311947, -89.595517","1,405",24.47
62941,"37.244577, -88.970218",890,24.44
61447,"40.870536, -90.777370","1,116",24.43
62895,"38.332503, -88.583906","2,144",24.32
61565,"41.039872, -89.519757","1,676",24.30
61015,"41.996752, -89.197077",993,24.29
62379,"40.315421, -91.439565","2,257",24.25
62691,"39.955578, -90.215055","2,550",24.15
61484,"40.292262, -90.445093",965,24.13
61501,"40.233844, -90.306800","1,998",24.11
62612,"39.896048, -90.063158","1,986",24.09
62843,"38.366142, -88.195123",116,24.08
61375,"41.033889, -89.244454","1,244",24.01
61740,"40.880732, -88.858425","1,746",24.00
62510,"39.530987, -89.038020","1,819",23.96
62994,"37.905132, -89.332698",872,23.94
62424,"38.988265, -88.428594","2,069",23.94
61483,"41.081229, -89.873287","2,102",23.89
62312,"39.707353, -91.024237","2,206",23.86
62829,"38.007286, -88.542217",157,23.85
60961,"41.109567, -88.221504",820,23.79
62682,"40.291972, -89.592018","1,031",23.75
62431,"39.225294, -88.996541","1,287",23.63
62807,"38.744774, -88.940675",904,23.55
62054,"39.204343, -90.339427",899,23.47
61872,"39.945376, -88.378110",712,23.44
62366,"39.448019, -90.887683","1,447",23.42
62044,"39.363052, -90.221550","2,088",23.29
61841,"40.034151, -87.817937","1,352",23.15
62532,"39.757325, -88.991081",53,23.09
62463,"39.280743, -88.623967","1,420",23.08
62461,"39.190167, -88.685997",793,23.03
60921,"40.743010, -88.289779","1,669",23.02
62365,"39.796403, -91.165124",691,22.97
61489,"40.929603, -90.018441",999,22.95
62957,"37.312729, -89.409944","1,174",22.94
62445,"39.179699, -88.326791","1,127",22.89
61234,"41.417963, -89.914339","1,302",22.87
62253,"38.777731, -89.300082",828,22.82
62621,"39.727768, -90.548257","1,219",22.78
61480,"40.727421, -90.913356","1,385",22.76
61089,"42.474353, -89.819940",944,22.68
60924,"40.551009, -87.886524","1,739",22.66
62436,"39.168862, -88.248643",572,22.63
61367,"41.635059, -89.257655",920,22.60
62916,"37.942089, -89.546271",759,22.60
62418,"39.011202, -88.974863","2,024",22.50
62897,"38.092621, -88.909652",335,22.48
62556,"39.474974, -89.375213",418,22.41
62912,"37.476199, -89.032407","1,056",22.35
62919,"37.526163, -88.155650","1,140",22.34
62642,"40.095942, -89.708053","1,607",22.27
61516,"40.851047, -89.118207",698,22.23
61925,"39.719105, -88.840528",924,22.17
61567,"40.373176, -89.901055","1,053",22.05
62513,"39.724069, -89.142031","1,785",22.05
61778,"40.235226, -89.101532",697,21.94
61007,"42.198861, -89.589851",548,21.94
61937,"39.743177, -88.620206","2,746",21.92
62970,"37.221461, -89.108584",675,21.74
62013,"38.968429, -90.584968",731,21.69
62688,"39.945247, -89.921844",944,21.63
60951,"40.923057, -87.754191","1,174",21.61
61929,"39.824789, -88.625797",766,21.60
62414,"39.174413, -88.826356","1,639",21.59
62036,"38.918312, -90.589734",601,21.53
62427,"38.869756, -87.665560","1,904",21.44
62277,"38.109316, -90.100108","1,491",21.32
61770,"40.441981, -88.531184","1,143",21.29
61412,"41.074707, -90.580299","1,391",21.28
62443,"38.906463, -88.565702","1,458",21.22
62214,"38.357678, -89.637173","1,291",21.15
61358,"40.981450, -89.045921",524,21.15
62694,"39.615697, -90.462739","3,281",21.14
61437,"40.840939, -90.955198",917,21.11
61728,"40.580621, -88.622266","1,431",21.07
61854,"40.212674, -88.529890","1,573",21.03
61467,"41.069401, -90.242457","1,241",21.02
61325,"41.234953, -88.809633","1,010",20.99
62244,"38.180519, -90.211357","1,192",20.95
61368,"41.261587, -89.516713","1,476",20.90
61840,"40.298873, -88.300263",709,20.88
61333,"40.982833, -88.884667",436,20.87
62979,"37.805986, -88.204169","1,408",20.84
61283,"41.591753, -89.786843","1,675",20.79
62823,"38.521569, -88.414839","1,677",20.79
62631,"39.827417, -90.354199",269,20.77
62868,"38.677710, -88.228125","1,941",20.72
62547,"39.770482, -89.242253",784,20.68
60930,"40.828151, -88.009455",890,20.68
61876,"39.902767, -87.839529",851,20.65
62808,"38.306180, -89.188699","1,496",20.61
60911,"40.880243, -87.976584","1,415",20.58
62533,"39.446936, -89.615992","1,105",20.57
60530,"41.796909, -88.952980",613,20.51
62006,"39.091659, -90.651567",476,20.47
62942,"37.649362, -89.472870",742,20.47
61545,"40.873228, -89.365603",651,20.47
62858,"38.811496, -88.503508","3,235",20.46
62972,"37.548915, -88.726965",408,20.46
62571,"39.386295, -88.957048","1,481",20.45
61933,"39.605251, -87.951740","1,334",20.43
61560,"41.187262, -89.419790",705,20.43
61769,"40.883810, -88.398006",639,20.25
62907,"37.872468, -89.497450","2,122",20.22
62080,"39.126886, -89.093158","2,463",20.21
62836,"38.097517, -88.799245",806,20.21
60959,"40.784030, -88.178419","1,069",20.18
61075,"42.465984, -90.260707","1,039",20.18
62311,"40.209847, -90.930892",974,20.18
62340,"39.722075, -90.729671","1,800",20.11
62894,"38.210370, -89.041831",911,20.11
62842,"38.467672, -88.371044",840,20.02
62537,"39.877528, -89.112243",144,19.99
60963,"40.367992, -87.654120","1,686",19.93
62827,"38.182420, -88.032843","1,171",19.92
61318,"41.711285, -89.078271",722,19.88
61262,"41.276171, -90.362230",878,19.86
61361,"41.425619, -89.757560","1,474",19.85
61942,"39.813984, -88.018369","1,334",19.75
62875,"38.756886, -89.107576","1,228",19.71
61468,"41.244967, -90.407287",143,19.69
60918,"40.601664, -88.022931",913,19.67
61312,"41.434795, -89.228206",736,19.63
61330,"41.535110, -89.277301","1,567",19.62
61259,"41.376426, -90.920549","1,209",19.53
62854,"38.769780, -88.815159","1,858",19.48
62534,"39.543848, -88.800330","1,213",19.42
60479,"41.232384, -88.526396",717,19.38
62452,"38.589885, -88.015156",405,19.38
62849,"38.584940, -88.773698","2,195",19.29
62638,"39.595291, -90.077154","1,398",19.27
61737,"40.464516, -88.745295",577,19.26
61041,"42.263482, -90.321207","1,326",19.21
61839,"40.142581, -88.627815",601,19.19
62838,"38.873689, -88.751968","1,507",19.18
62857,"38.910959, -88.862784",68,19.18
61754,"40.328146, -89.161361","1,277",19.14
61816,"39.922423, -87.995645",487,19.14
62345,"39.693664, -91.131957",415,19.13
61749,"40.092849, -89.116222",652,19.13
62815,"38.458352, -87.966440",440,19.10
62347,"39.864821, -91.098243","2,177",19.10
61014,"41.974765, -89.884337","1,214",19.04
62359,"40.039376, -91.240577",192,19.03
62019,"39.013834, -89.457418",616,19.01
61882,"40.116384, -88.758041",684,18.83
61932,"39.810626, -87.880787",461,18.83
62518,"40.051446, -89.202645",468,18.81
62940,"37.738486, -89.471814",432,18.80
62419,"38.610736, -87.989672",417,18.79
61721,"40.350757, -89.323483",707,18.79
62466,"38.739766, -87.852257","2,577",18.78
62572,"39.369235, -89.676768",457,18.73
62803,"38.453749, -89.302714",956,18.71
62877,"38.385607, -89.201759",613,18.67
61432,"40.648552, -90.153245",691,18.66
61251,"41.728962, -90.070848",317,18.55
62880,"38.866471, -88.884580",723,18.55
62928,"37.482396, -88.575321",258,18.53
61532,"40.348465, -89.811894",640,18.52
61334,"41.146065, -89.096225",757,18.48
62886,"38.374108, -88.532268",437,18.46
61865,"40.307197, -87.802638","1,331",18.43
62634,"40.011799, -89.454534",964,18.43
62238,"38.040860, -89.549993",830,18.37
61440,"40.312779, -90.614886",875,18.35
61924,"39.786199, -87.663216","2,602",18.34
61928,"39.454284, -88.518291",857,18.29
61028,"42.298465, -90.175881","1,978",18.14
62442,"39.301867, -87.852569","2,574",18.13
62297,"38.052121, -89.806332",411,18.12
61414,"41.126132, -90.162662","1,013",18.08
60929,"40.874719, -88.289448",768,18.04
61438,"40.587557, -90.650202",766,17.94
61472,"41.103310, -90.383336",666,17.89
61336,"41.111468, -89.212289",663,17.89
61473,"40.707243, -90.647367","1,772",17.84
62478,"39.179972, -87.743616",414,17.78
62674,"39.428539, -90.043231","1,541",17.74
62824,"38.669452, -88.341669","1,920",17.69
61850,"39.927593, -87.739538",572,17.62
61930,"39.679184, -88.118794",607,17.61
62434,"38.842186, -88.321609",540,17.57
62477,"39.233553, -87.643438","1,131",17.48
62905,"37.557561, -89.367195",648,17.46
61844,"40.141104, -87.868551","1,037",17.43
62835,"38.106048, -88.321638","1,342",17.34
61425,"40.770109, -91.042830",743,17.32
62376,"40.103711, -91.407455","1,143",17.20
60953,"40.629912, -87.686579","2,537",17.16
62828,"38.194537, -88.601621","1,538",17.12
61451,"40.952968, -89.941324",383,17.05
61743,"40.874589, -88.780841",270,16.96
62943,"37.360748, -88.733214",547,16.94
62031,"39.101332, -90.534214","1,128",16.94
60912,"40.973619, -87.603476",643,16.93
61345,"41.280245, -89.794395",884,16.90
62934,"37.719088, -88.353835","1,195",16.89
62892,"38.808355, -89.075972",381,16.84
62032,"39.116975, -89.287861",764,16.83
60470,"41.169505, -88.644315",687,16.82
61415,"40.659744, -90.423106","1,975",16.77
62444,"39.277730, -88.754860",339,16.72
62045,"39.251083, -90.702116",587,16.70
61314,"41.296481, -89.678495",991,16.68
62469,"39.346686, -88.340810",322,16.64
62378,"39.891050, -90.631613",967,16.60
62938,"37.374526, -88.548249","3,077",16.56
62324,"39.998277, -90.966328","1,519",16.54
60952,"40.561122, -88.255114",698,16.48
61420,"40.564171, -90.861607","1,251",16.46
61810,"39.909225, -87.925006",389,16.43
62809,"38.281962, -88.329187",239,16.43
62931,"37.539919, -88.272765","1,630",16.38
61724,"40.329508, -88.530877",622,16.36
62425,"38.825923, -88.102982",716,16.33
62810,"38.201276, -88.752318","1,005",16.29
62316,"40.235474, -91.053025",740,16.24
61272,"41.238103, -90.992447","1,464",16.22
61418,"40.852703, -90.861427",664,16.20
61274,"41.368567, -90.277196",404,16.18
61044,"42.321153, -89.910554",234,16.13
62831,"38.234969, -89.222732",695,16.07
62899,"38.652267, -88.651373","1,385",16.01
61772,"40.391130, -89.059322",388,15.95
61436,"40.860149, -90.223174","1,021",15.88
62358,"40.572897, -91.258636",646,15.88
61466,"41.108655, -90.479349",357,15.87
62883,"38.168038, -89.104683",607,15.86
62867,"37.912266, -88.098946",621,15.86
62015,"39.224363, -89.542538",569,15.83
61344,"41.410961, -89.838684",428,15.72
62667,"39.487765, -89.992297",598,15.68
62432,"39.134937, -88.135053",575,15.65
62887,"38.186329, -88.369035",342,15.56
62818,"38.380902, -87.965560",345,15.54
62860,"38.041367, -88.731934",604,15.54
61349,"41.544823, -89.442299","1,051",15.51
62438,"39.319630, -88.876210",404,15.48
61812,"40.252911, -87.888372",420,15.44
61831,"40.226002, -87.797231",180,15.40
62673,"40.085541, -89.978731",620,15.38
62546,"39.429184, -89.431501","1,755",15.36
60460,"40.998479, -88.536714","1,517",15.34
62421,"38.755061, -87.942272",861,15.32
62357,"39.684762, -90.850694",272,15.32
62053,"39.319254, -90.665420",780,15.28
62611,"39.884116, -90.398177","1,175",15.28
62374,"40.409994, -90.910969",303,15.20
60553,"41.827060, -89.033728",700,15.11
62555,"39.468757, -89.213073",613,15.06
62480,"39.004770, -87.995654",880,14.98
62885,"38.859059, -89.054212",837,14.96
62268,"38.272137, -89.518051",781,14.95
62515,"39.860416, -89.378281","1,010",14.94
61477,"40.495994, -90.310552",775,14.76
62479,"39.030150, -88.307280",790,14.76
62349,"40.170391, -91.190106",670,14.73
61851,"39.964227, -88.428961",497,14.72
61543,"40.398659, -89.997073",55,14.69
61421,"41.169260, -89.647504","1,470",14.63
61449,"41.095405, -89.970711",518,14.60
62475,"38.885103, -88.055013",416,14.55
61423,"40.882618, -90.498609",779,14.54
60931,"40.889327, -87.588141",689,14.40
62985,"37.467521, -88.685895",953,14.38
62862,"38.211842, -88.287194",432,14.31
62850,"38.502052, -88.601216",579,14.28
62624,"40.159290, -90.346784",624,14.27
62649,"39.350862, -90.081448",554,14.12
62553,"39.267247, -89.103757",501,14.10
60973,"40.540528, -87.664232",442,14.10
61441,"40.336977, -90.304021","1,007",14.10
60960,"40.436266, -87.905327","1,108",14.05
61260,"41.237926, -90.887370",812,13.99
62295,"38.286966, -90.315442",923,13.96
60962,"40.626121, -88.187136",589,13.96
60919,"40.987875, -88.237518",525,13.94
62083,"39.356961, -89.196229",317,13.91
61862,"40.296786, -87.954967",511,13.90
61852,"39.900984, -88.076783",282,13.77
60917,"41.047059, -88.197386",561,13.76
62091,"39.056246, -89.610567",352,13.68
61730,"40.530783, -88.736478",381,13.65
62081,"39.264927, -90.225000",366,13.61
61482,"40.384239, -90.408345",601,13.53
61773,"40.566429, -88.373678",548,13.31
62538,"39.360164, -89.522671",418,13.28
61855,"39.931865, -88.676957",74,13.26
60129,"42.029022, -88.960181",291,13.24
62630,"39.271130, -90.086348",610,13.22
61722,"40.433412, -88.622749",631,13.12
62851,"38.427986, -88.664666",394,13.01
62627,"40.048918, -90.137038","1,157",13.01
60111,"42.009860, -88.835543",305,12.93
61735,"40.197571, -88.805417",408,12.93
62871,"37.875359, -88.272861",734,12.85
62512,"40.139551, -89.207663",552,12.83
61479,"40.999055, -89.654666",169,12.79
61731,"40.605396, -88.492337",254,12.74
62413,"39.138799, -87.837748",441,12.61
61485,"41.022341, -90.089100",643,12.45
62065,"39.245929, -90.636916",114,12.42
61459,"40.495509, -90.412882",424,12.35
61720,"40.546217, -88.505571",366,12.24
61311,"41.038105, -88.861758",353,12.21
61474,"40.735939, -90.362707",355,12.07
62954,"37.692088, -88.279548",615,11.98
62367,"40.310854, -90.878675","1,337",11.95
62998,"37.512070, -89.458153",491,11.85
61431,"40.608009, -90.276497",328,11.82
62655,"40.157417, -90.009213",622,11.76
62975,"37.633773, -89.387589",240,11.70
61830,"40.033078, -88.716508",563,11.64
61321,"40.964825, -88.980863",342,11.58
62671,"40.187536, -89.559937",761,11.55
62011,"39.121894, -89.214130",391,11.53
61453,"41.014364, -90.759199",720,11.52
61476,"41.089796, -90.829029",426,11.39
62370,"39.516077, -90.982241",641,11.38
61458,"40.782252, -90.183139",958,11.36
61417,"40.773739, -90.537740",324,11.20
62617,"40.156822, -90.169890",792,11.15
61411,"40.400982, -90.502128",419,11.00
62027,"39.230794, -90.545308",591,10.99
62355,"39.412245, -90.778624",895,10.92
60946,"40.910767, -88.198120",447,10.88
62987,"37.603621, -88.655251",997,10.84
60968,"40.675461, -88.119734",452,10.75
62380,"40.238230, -91.190901",438,10.58
61460,"40.725595, -90.827074",379,10.56
62878,"38.577625, -88.522753",463,10.50
62356,"39.589680, -91.076672",725,10.45
61940,"39.803257, -87.814196",301,10.38
62481,"39.122321, -88.019501",439,10.34
62343,"39.703093, -91.230971",790,10.34
60437,"41.171073, -88.555866",233,10.27
61452,"40.236191, -90.661592",339,10.15
62633,"40.220766, -89.877958",722,10.14
62361,"39.490201, -90.643933",555,9.91
60934,"40.958061, -88.353047",310,9.82
61243,"41.615133, -89.676756",244,9.72
62639,"40.037670, -90.486012",341,9.57
61917,"39.716742, -87.896601",646,9.38
62375,"39.996550, -90.876853",381,9.36
62313,"40.350179, -91.170616",395,9.28
62601,"39.754597, -90.026846",512,9.24
61378,"41.722671, -89.155402",545,9.19
61478,"40.753717, -90.757572",337,9.12
62050,"39.440017, -90.544720",509,9.02
62314,"39.792877, -90.863174",698,8.97
61435,"40.978711, -90.540285",85,8.90
61775,"40.653696, -88.375962",310,8.73
62947,"37.528448, -88.454604",597,8.66
61042,"41.687626, -89.562791",578,8.28
62817,"37.954714, -88.471238",610,8.26
62446,"38.487792, -88.217124",450,8.20
62908,"37.315589, -88.880147",512,8.07
62280,"37.846636, -89.647988",443,7.98
62950,"37.746447, -89.560711",232,7.96
62373,"40.242748, -91.364953",415,7.91
61475,"40.597886, -90.751665",240,7.73
62833,"38.361723, -88.164177",376,7.57
61758,"40.532092, -88.845076",87,7.56
62346,"40.150624, -90.951257",254,7.37
62319,"40.153308, -90.735883",266,7.09
62261,"38.017763, -90.022860",221,7.02
62820,"38.237433, -88.217979",207,7.01
61313,"41.070986, -88.673803",316,7.01
62323,"39.809326, -90.668663",294,6.83
62070,"39.356608, -90.794051",63,5.88
62344,"40.182471, -90.820849",185,4.99
61112,"42.247501, -88.976554",3,4.46
62962,"37.055863, -89.329533",93,2.45